Experiment,Loss_Type,Epoch,Layer,PD_vs_GT_MSE,PD_vs_GT_MAE,PD_vs_GT_Wasserstein,PD_vs_GT_Cosine_Sim,FN_vs_GT_MSE,FN_vs_GT_MAE,FN_vs_GT_Wasserstein,FN_vs_GT_Cosine_Sim
MAE 2025-12-06 02:07:01.415742 300_epoch49,MAE 2025-12-06 02:07:01.415742 300,49,Layer_1,0.10432483222808264,0.2610590309380397,0.2590126216953148,-0.0032964165125187604,0.13416169391460847,0.2874239093047809,0.19561584698873202,-0.028572067354829717
MAE 2025-12-06 02:07:01.415742 300_epoch49,MAE 2025-12-06 02:07:01.415742 300,49,Layer_2,0.022914954530811955,0.11789211657572496,0.11602247575651892,0.014110513245081543,0.037733175389956186,0.1516879171705428,0.028665884822507096,-0.003005484167611272
MAE 2025-12-06 02:07:01.415742 300_epoch49,MAE 2025-12-06 02:07:01.415742 300,49,Layer_3,0.10014197680077523,0.2587357774049878,0.256770716797544,0.09264556191999274,0.12239310237535381,0.2852457214083776,0.12799278576670062,0.07757125810540984
MAE 2025-12-06 02:07:01.415742 300_epoch49,MAE 2025-12-06 02:07:01.415742 300,49,Layer_4,0.08105399190635701,0.22485994564020936,0.22294901834042533,0.015307345634075155,0.0905926691264195,0.2377086730491482,0.1495112548420694,0.006615353060670293
MAE 2025-12-06 02:07:01.415742 300_epoch49,MAE 2025-12-06 02:07:01.415742 300,49,Layer_5,0.13174111097162786,0.2991764010060103,0.29720763790329224,0.03748752966016786,0.14228702998814974,0.3083050525237361,0.2121340389964645,0.021509307875371406
MAE 2025-12-06 02:07:01.415742 300_epoch99,MAE 2025-12-06 02:07:01.415742 300,99,Layer_1,0.10431392418209852,0.2610475779340422,0.2599296768339168,0.0016165604482325474,0.1345689412641005,0.2897629941002107,0.1624979106372187,0.004050219505344493
MAE 2025-12-06 02:07:01.415742 300_epoch99,MAE 2025-12-06 02:07:01.415742 300,99,Layer_2,0.022916013620634335,0.1178999347091225,0.11675496315787287,0.012488649359313729,0.04848159801083433,0.16733628966012387,0.03261820460329586,-0.0014772582743128268
MAE 2025-12-06 02:07:01.415742 300_epoch99,MAE 2025-12-06 02:07:01.415742 300,99,Layer_3,0.10019341011171641,0.2588180810279017,0.25771059943402874,0.09932137763756098,0.12602402599117818,0.289023540590058,0.13729209734269932,0.08990643004794012
MAE 2025-12-06 02:07:01.415742 300_epoch99,MAE 2025-12-06 02:07:01.415742 300,99,Layer_4,0.08105811250612982,0.2248760934493976,0.22371865881576125,0.016113904116406192,0.09164720498931545,0.23912713389875062,0.1488521407817457,0.00644337871631018
MAE 2025-12-06 02:07:01.415742 300_epoch99,MAE 2025-12-06 02:07:01.415742 300,99,Layer_5,0.13175302796455804,0.299197981356942,0.29812103144472313,0.05023465185161886,0.14869546916771287,0.31437040353703355,0.1942132421626675,0.02805808658554615
MAPE 2025-12-01 09:05:57.362884 300_epoch49,MAPE 2025-12-01 09:05:57.362884 300,49,Layer_1,1.057200166987494,0.5826752820798426,0.2388137367977332,-0.007822701218979846,1.5905865063366724,0.5582843811674829,0.21269554031554466,-0.007729257390085973
MAPE 2025-12-01 09:05:57.362884 300_epoch49,MAPE 2025-12-01 09:05:57.362884 300,49,Layer_2,0.8285511762767951,0.6237417664064681,0.4920526597350698,-0.0021820066765518846,0.9319574109985317,0.6035939048942125,0.4706547637358868,-0.0015674812805572228
MAPE 2025-12-01 09:05:57.362884 300_epoch49,MAPE 2025-12-01 09:05:57.362884 300,49,Layer_3,0.7268351031422078,0.5546667767426903,0.2597511551662352,-0.01774614959163439,0.8664079076847974,0.5480351809564924,0.30499754782028354,-0.03866120013881875
MAPE 2025-12-01 09:05:57.362884 300_epoch49,MAPE 2025-12-01 09:05:57.362884 300,49,Layer_4,0.6772349308718759,0.5483699326631795,0.26197805360800747,0.004103349705675912,0.6393882993977327,0.5098646704917336,0.2196178977478103,0.004613689114935312
MAPE 2025-12-01 09:05:57.362884 300_epoch49,MAPE 2025-12-01 09:05:57.362884 300,49,Layer_5,0.5538641975121477,0.5163595040890674,0.12195214080834252,0.006365456445285421,0.628067807567687,0.5185079912498726,0.11349449201014493,0.011840070071078169
MAPE 2025-12-01 09:05:57.362884 300_epoch99,MAPE 2025-12-01 09:05:57.362884 300,99,Layer_1,0.10683476412082529,0.26368209581794394,0.2346184171346113,0.006157890254662479,0.180803603518677,0.33359215815011656,0.1224040795584294,0.0011172965466127193
MAPE 2025-12-01 09:05:57.362884 300_epoch99,MAPE 2025-12-01 09:05:57.362884 300,99,Layer_2,0.024810394844774604,0.12279418557513616,0.08657979722380053,0.01104891665769817,0.06718994619696264,0.19868440544152133,0.048495987204065984,0.012047297696076365
MAPE 2025-12-01 09:05:57.362884 300_epoch99,MAPE 2025-12-01 09:05:57.362884 300,99,Layer_3,0.10414913628385122,0.2638454499098608,0.22870266612745752,-0.04097894601018351,0.12922692067038985,0.2894114233377389,0.1546965593173416,-0.0185826511153526
MAPE 2025-12-01 09:05:57.362884 300_epoch99,MAPE 2025-12-01 09:05:57.362884 300,99,Layer_4,0.08253924660489577,0.22686524623427118,0.1982265218746242,0.005170214278709081,0.0924711125963955,0.24002901127402337,0.14224028615856893,0.004163751750597405
MAPE 2025-12-01 09:05:57.362884 300_epoch99,MAPE 2025-12-01 09:05:57.362884 300,99,Layer_5,0.13253678213560857,0.2999889636992397,0.27709556411085356,0.013076477870995895,0.14159251289809854,0.30809706504518775,0.21256290632247377,0.020153017990162538
MAPE 2025-12-01 09:05:57.362884 300_epoch149,MAPE 2025-12-01 09:05:57.362884 300,149,Layer_1,0.10480911674996153,0.2617415544455031,0.24791684887467721,-0.013375114624698679,0.20954003215839306,0.3581737659151603,0.14978913897702956,-0.02018480916266688
MAPE 2025-12-01 09:05:57.362884 300_epoch149,MAPE 2025-12-01 09:05:57.362884 300,149,Layer_2,0.023402321076473963,0.11913670862795062,0.10202201606725184,0.0008945412193629745,0.06473912614231989,0.19557970400883268,0.034572112122041664,0.001810729081293088
MAPE 2025-12-01 09:05:57.362884 300_epoch149,MAPE 2025-12-01 09:05:57.362884 300,149,Layer_3,0.1006378270188989,0.2593044789128446,0.24495845882588926,0.014554414078414457,0.12600699290742148,0.2865065651989025,0.15847609617649996,-0.007951866060822226
MAPE 2025-12-01 09:05:57.362884 300_epoch149,MAPE 2025-12-01 09:05:57.362884 300,149,Layer_4,0.081475335585964,0.22554616223539245,0.2112483571702957,-0.0022696432128802243,0.10944752243174609,0.26015055784099583,0.1044932393204636,0.0022727265993538717
MAPE 2025-12-01 09:05:57.362884 300_epoch149,MAPE 2025-12-01 09:05:57.362884 300,149,Layer_5,0.13206745257231936,0.2996701816088453,0.2878103769047933,0.00046145275650412654,0.15681335779761096,0.32106963854603193,0.17586642777719952,0.019771332806858118
MAPE 2025-12-01 09:05:57.362884 300_epoch199,MAPE 2025-12-01 09:05:57.362884 300,199,Layer_1,0.10444040242133303,0.26124170968709365,0.2546108033332124,-0.004853480446672506,0.16768785770148245,0.32300264848469656,0.08818531538685503,-0.0006472774238811004
MAPE 2025-12-01 09:05:57.362884 300_epoch199,MAPE 2025-12-01 09:05:57.362884 300,199,Layer_2,0.0230005526237235,0.11812318168620026,0.11073161355641545,0.007417937677536615,0.06227975551212374,0.19344499799698592,0.03574714761237484,0.004486725419779194
MAPE 2025-12-01 09:05:57.362884 300_epoch199,MAPE 2025-12-01 09:05:57.362884 300,199,Layer_3,0.10006880698090574,0.25854056886634297,0.25242408775502295,0.05199740832532641,0.12799564778262615,0.28673343815825253,0.12043630617139912,0.029585093959832408
MAPE 2025-12-01 09:05:57.362884 300_epoch199,MAPE 2025-12-01 09:05:57.362884 300,199,Layer_4,0.08119350287156729,0.22505752509956298,0.2183442343769318,-0.005617197646235018,0.09523965524865176,0.24399681232692422,0.13209521802692228,0.010041687195230487
MAPE 2025-12-01 09:05:57.362884 300_epoch199,MAPE 2025-12-01 09:05:57.362884 300,199,Layer_5,0.13198088828049026,0.2995616127244667,0.29374841576156113,-0.015597092047364418,0.14872513007771612,0.3140368666648565,0.19318113788065838,0.021911569473591967
MAPE 2025-12-01 09:05:57.362884 300_epoch249,MAPE 2025-12-01 09:05:57.362884 300,249,Layer_1,0.10442798898311625,0.2611189261186779,0.25461925747190417,-0.006060862733901247,0.17449208675827343,0.32624536752374605,0.12445856783078757,0.01727585039772925
MAPE 2025-12-01 09:05:57.362884 300_epoch249,MAPE 2025-12-01 09:05:57.362884 300,249,Layer_2,0.023004444382787568,0.11818705580649909,0.11080720660558399,0.0030163556778081066,0.06130387155684342,0.18808810147988297,0.04577718573970093,0.011460853025848433
MAPE 2025-12-01 09:05:57.362884 300_epoch249,MAPE 2025-12-01 09:05:57.362884 300,249,Layer_3,0.10065873373970895,0.2592852577777393,0.25213856833676557,-0.028631282994288198,0.12633907939657624,0.2882899147866499,0.12572131269384615,0.021953978504578205
MAPE 2025-12-01 09:05:57.362884 300_epoch249,MAPE 2025-12-01 09:05:57.362884 300,249,Layer_4,0.08119966653068521,0.22505909675059807,0.21813402719998307,-0.007586697650600383,0.09231546829253374,0.24009937054075395,0.15150920050015873,0.0027978863178450804
MAPE 2025-12-01 09:05:57.362884 300_epoch249,MAPE 2025-12-01 09:05:57.362884 300,249,Layer_5,0.1319695689274501,0.2994895809159793,0.2937589158052053,-0.017632439968280317,0.15369717214431536,0.31892094135158955,0.19782223152445105,0.01056217816846031
MAPE 2025-12-01 09:05:57.362884 300_epoch299,MAPE 2025-12-01 09:05:57.362884 300,299,Layer_1,0.1043719663113646,0.26108480918621774,0.2577181494546835,-0.013198356541702016,0.17522519233895467,0.32677884795487266,0.14440246025316597,-0.010643423454246622
MAPE 2025-12-01 09:05:57.362884 300_epoch299,MAPE 2025-12-01 09:05:57.362884 300,299,Layer_2,0.022939797899779596,0.11797153781866548,0.11497269052727396,-0.002289499732467089,0.058227473704265835,0.18493867087097804,0.04888513473009884,0.009929731845406358
MAPE 2025-12-01 09:05:57.362884 300_epoch299,MAPE 2025-12-01 09:05:57.362884 300,299,Layer_3,0.10031463693911094,0.2590365811335778,0.25588683144139573,0.0024494441296707063,0.11928440603952944,0.2798860180672987,0.1724726499055571,-0.024463227651114947
MAPE 2025-12-01 09:05:57.362884 300_epoch299,MAPE 2025-12-01 09:05:57.362884 300,299,Layer_4,0.0810940211522758,0.2249368928291074,0.22158534746238054,-0.0005248191515188832,0.09041068473850898,0.23759363661903735,0.16032271678454676,-0.007654881987978158
MAPE 2025-12-01 09:05:57.362884 300_epoch299,MAPE 2025-12-01 09:05:57.362884 300,299,Layer_5,0.131803798250553,0.2992788290109227,0.2959787273335532,0.007020532607322878,0.1493409441827519,0.314718307575002,0.19451161759070906,0.0257808951336011
sinkhorn 2025-10-06 16:31:26.516927 6 _epoch0,sinkhorn 2025-10-06 16:31:26.516927 6 ,0,Layer_1,0.11056741409001153,0.2685836177736246,0.19832780831771196,0.015691297033780815,0.16888904550527267,0.32740816997812483,0.05055953667356573,0.02616808184243392
sinkhorn 2025-10-06 16:31:26.516927 6 _epoch0,sinkhorn 2025-10-06 16:31:26.516927 6 ,0,Layer_2,0.026039281422822812,0.1261561575629074,0.07079911596272677,0.011477856808986511,0.07194215055080434,0.20646845283144336,0.05256404632162954,0.005697405621938152
sinkhorn 2025-10-06 16:31:26.516927 6 _epoch0,sinkhorn 2025-10-06 16:31:26.516927 6 ,0,Layer_3,0.10248027592738566,0.2603752663284947,0.1920560728121631,0.10237226497509289,0.16482120913775206,0.3255914741351255,0.05939781594779174,0.04839506539691185
sinkhorn 2025-10-06 16:31:26.516927 6 _epoch0,sinkhorn 2025-10-06 16:31:26.516927 6 ,0,Layer_4,0.08507126224459506,0.23033582884597836,0.16833324788420573,0.021020736055215365,0.09748739529535337,0.24657161478009354,0.11875344093306218,0.008476355379532802
sinkhorn 2025-10-06 16:31:26.516927 6 _epoch0,sinkhorn 2025-10-06 16:31:26.516927 6 ,0,Layer_5,0.13542421814985192,0.30186535461629305,0.23313435969574675,0.04631184515362663,0.14674860346390597,0.3122798684821079,0.18964249568478367,0.04772589055800848
sinkhorn 2025-10-06 16:31:26.516927 6 _epoch4,sinkhorn 2025-10-06 16:31:26.516927 6 ,4,Layer_1,0.11047781498917227,0.26852335082669593,0.19763264127291746,0.016973733610913005,0.1663394074395,0.32384659175933955,0.05784316548980526,0.024697796177136192
sinkhorn 2025-10-06 16:31:26.516927 6 _epoch4,sinkhorn 2025-10-06 16:31:26.516927 6 ,4,Layer_2,0.026278363737688992,0.12683984620777694,0.06874567820089221,0.008751125199444152,0.07210222350494444,0.20945559582650353,0.055784048907571805,0.0016788076251188868
sinkhorn 2025-10-06 16:31:26.516927 6 _epoch4,sinkhorn 2025-10-06 16:31:26.516927 6 ,4,Layer_3,0.10262016488563587,0.2603523240946457,0.19414008765672636,0.10038919710497836,0.16176228937547465,0.3221316754294809,0.06178315251468091,0.0576038950527879
sinkhorn 2025-10-06 16:31:26.516927 6 _epoch4,sinkhorn 2025-10-06 16:31:26.516927 6 ,4,Layer_4,0.0854960356183212,0.23085598921989778,0.16524946630371007,0.018938462350961985,0.09760697433440402,0.24684727138572782,0.11922057015347977,0.008187799505313155
sinkhorn 2025-10-06 16:31:26.516927 6 _epoch4,sinkhorn 2025-10-06 16:31:26.516927 6 ,4,Layer_5,0.1360047651172471,0.30254566214831113,0.2300176662792645,0.04249799879258866,0.14717256642717363,0.3128442652183561,0.1886300625881589,0.04983274368992988
sinkhorn 2025-10-13 10:08:20.655648 800 _epoch49,sinkhorn 2025-10-13 10:08:20.655648 800 ,49,Layer_1,0.10997510089777719,0.267948095067258,0.1978858789589401,0.015173427852032947,0.16972306208642493,0.3274308729022381,0.056967021045122704,0.02531335087926679
sinkhorn 2025-10-13 10:08:20.655648 800 _epoch49,sinkhorn 2025-10-13 10:08:20.655648 800 ,49,Layer_2,0.026440887305457413,0.127361148578281,0.06784735246631689,0.008187751871170509,0.07487116406670555,0.21396637804832727,0.060995527345728426,-0.001508471777138782
sinkhorn 2025-10-13 10:08:20.655648 800 _epoch49,sinkhorn 2025-10-13 10:08:20.655648 800 ,49,Layer_3,0.10224063859746015,0.2592218449987378,0.19674076082455175,0.10464956133113082,0.15902055620176642,0.3191377983548471,0.065041342143077,0.06215072807863228
sinkhorn 2025-10-13 10:08:20.655648 800 _epoch49,sinkhorn 2025-10-13 10:08:20.655648 800 ,49,Layer_4,0.08596042347620864,0.2313150686047209,0.16412509542060447,0.01984336457783297,0.09595435175009714,0.2443993395853824,0.12741926137146087,0.006980149436070326
sinkhorn 2025-10-13 10:08:20.655648 800 _epoch49,sinkhorn 2025-10-13 10:08:20.655648 800 ,49,Layer_5,0.13676194555936408,0.3037659327440384,0.22978574643831373,0.043058207618145744,0.14530686785612185,0.3106172264331772,0.20012554285553463,0.053062715313890535
sinkhorn 2025-10-20 18:19:57.166467 800 _epoch49,sinkhorn 2025-10-20 18:19:57.166467 800 ,49,Layer_1,0.1078199775126406,0.26563653739551596,0.21129253336420878,0.018023287377553956,0.16404514428432168,0.3221295135796563,0.061808909135508905,0.026133493624627146
sinkhorn 2025-10-20 18:19:57.166467 800 _epoch49,sinkhorn 2025-10-20 18:19:57.166467 800 ,49,Layer_2,0.024663200253715364,0.12258118552948456,0.08199862494666932,0.012172996337950315,0.07001658821740865,0.2080083439048969,0.050863439373625904,-0.003822111318291418
sinkhorn 2025-10-20 18:19:57.166467 800 _epoch49,sinkhorn 2025-10-20 18:19:57.166467 800 ,49,Layer_3,0.100944434002963,0.2582445231261377,0.20656964926089888,0.11069363851850754,0.1651514901222058,0.3250319061274976,0.06455990106589472,0.06203113211208947
sinkhorn 2025-10-20 18:19:57.166467 800 _epoch49,sinkhorn 2025-10-20 18:19:57.166467 800 ,49,Layer_4,0.08411682587490736,0.22887398477308993,0.17655923764592274,0.023189211545213567,0.09324915158375566,0.2408591983386307,0.13760597951433012,0.009084156565212996
sinkhorn 2025-10-20 18:19:57.166467 800 _epoch49,sinkhorn 2025-10-20 18:19:57.166467 800 ,49,Layer_5,0.1348802076594716,0.301884778572656,0.23995120913187667,0.049229732711489615,0.14182936871128482,0.3072461548703949,0.21122462069176734,0.052240831048395844
sinkhorn 2025-10-22 10:25:31.722454 800_epoch49,sinkhorn 2025-10-22 10:25:31.722454 800,49,Layer_1,0.1094202466012888,0.2676264562772879,0.19861252362503107,0.02366797856067189,0.15888207212346428,0.3179199707983234,0.07352889520239511,0.026827074374873132
sinkhorn 2025-10-22 10:25:31.722454 800_epoch49,sinkhorn 2025-10-22 10:25:31.722454 800,49,Layer_2,0.02655689267258994,0.127697282536681,0.06763025130126754,0.00491906696350777,0.063617912773382,0.19847000794676098,0.0421854552953489,0.005395754879453409
sinkhorn 2025-10-22 10:25:31.722454 800_epoch49,sinkhorn 2025-10-22 10:25:31.722454 800,49,Layer_3,0.10266051748321232,0.25965340023861405,0.19587682236288181,0.1025746833774446,0.14168181365882015,0.3032804604196668,0.09187720626093729,0.042570915159702606
sinkhorn 2025-10-22 10:25:31.722454 800_epoch49,sinkhorn 2025-10-22 10:25:31.722454 800,49,Layer_4,0.08673470858275668,0.2323700498872907,0.16051212943233734,0.018067303519777828,0.09585857915890215,0.24420402181070458,0.12683401634400798,0.006495194310710055
sinkhorn 2025-10-22 10:25:31.722454 800_epoch49,sinkhorn 2025-10-22 10:25:31.722454 800,49,Layer_5,0.1371781126630349,0.3042780305955179,0.22959755416702937,0.04238340347866158,0.14498246323771496,0.3104258104729192,0.2015984427891051,0.04191378277237674
sinkhorn 2025-10-22 10:25:31.722454 800_epoch99,sinkhorn 2025-10-22 10:25:31.722454 800,99,Layer_1,0.10987959966556085,0.2677625855642833,0.19847841512448255,0.015288126865959413,0.17217907402573346,0.3316697150472515,0.04588892966650849,0.024479612976138786
sinkhorn 2025-10-22 10:25:31.722454 800_epoch99,sinkhorn 2025-10-22 10:25:31.722454 800,99,Layer_2,0.02639451884758439,0.1272170360896951,0.06837498380805619,0.007050077143768684,0.0790554679341389,0.2208093853721545,0.06578020398900555,-0.009695306055826377
sinkhorn 2025-10-22 10:25:31.722454 800_epoch99,sinkhorn 2025-10-22 10:25:31.722454 800,99,Layer_3,0.10239634868066201,0.25942951624321703,0.19628159326834863,0.10339443975938438,0.15519993398315998,0.31661865936489597,0.07941016618464385,0.07290050003763052
sinkhorn 2025-10-22 10:25:31.722454 800_epoch99,sinkhorn 2025-10-22 10:25:31.722454 800,99,Layer_4,0.08601725340085374,0.23139183580602785,0.16383732993935332,0.019679195494307567,0.0960404147677586,0.2445700104313068,0.12657723525997672,0.005218558743126369
sinkhorn 2025-10-22 10:25:31.722454 800_epoch99,sinkhorn 2025-10-22 10:25:31.722454 800,99,Layer_5,0.13684711615058576,0.30384903055184076,0.2297953613665532,0.04221448047404162,0.14505664811402894,0.31060663393993604,0.20078533681122118,0.052286602530317125
sinkhorn 2025-10-22 10:25:31.722454 800_epoch149,sinkhorn 2025-10-22 10:25:31.722454 800,149,Layer_1,0.10994382929868202,0.26787933282122894,0.19768223075064414,0.015037627495899568,0.16862756355152117,0.3281674083264173,0.06269879336736144,0.02087572457708702
sinkhorn 2025-10-22 10:25:31.722454 800_epoch149,sinkhorn 2025-10-22 10:25:31.722454 800,149,Layer_2,0.026450609023851993,0.1273958104928007,0.06785945096329844,0.008609313512881646,0.07521331260020668,0.21562950566176703,0.06060183064759885,-0.005809553945322137
sinkhorn 2025-10-22 10:25:31.722454 800_epoch149,sinkhorn 2025-10-22 10:25:31.722454 800,149,Layer_3,0.10239496492449672,0.2594755498516373,0.1960452450565833,0.10227138389822142,0.15396437646770414,0.3154650991454933,0.06575234631537315,0.05787288342352206
sinkhorn 2025-10-22 10:25:31.722454 800_epoch149,sinkhorn 2025-10-22 10:25:31.722454 800,149,Layer_4,0.0860757948464688,0.23149530049045083,0.16340326930677768,0.01922176117870839,0.09586768787631501,0.2441168562791273,0.12747929033387403,0.004446940907099714
sinkhorn 2025-10-22 10:25:31.722454 800_epoch149,sinkhorn 2025-10-22 10:25:31.722454 800,149,Layer_5,0.13694620835045365,0.3039294080014236,0.2290203390591542,0.04234086763899431,0.14495987341001432,0.31044431087945185,0.20008217861385785,0.05291854109265532
sinkhorn 2025-10-22 10:25:31.722454 800_epoch199,sinkhorn 2025-10-22 10:25:31.722454 800,199,Layer_1,0.10997345295577927,0.2678771688001987,0.19790487970893203,0.014010015411846885,0.1686068094980533,0.3259251623421548,0.06362390440543025,0.0259282271861596
sinkhorn 2025-10-22 10:25:31.722454 800_epoch199,sinkhorn 2025-10-22 10:25:31.722454 800,199,Layer_2,0.026482855581024256,0.12741784488771676,0.06765830511814676,0.007732798056231331,0.07301731472602148,0.2116363674151077,0.05688513262284081,-0.001201676295514073
sinkhorn 2025-10-22 10:25:31.722454 800_epoch199,sinkhorn 2025-10-22 10:25:31.722454 800,199,Layer_3,0.1025293115817072,0.25966976372982875,0.19546809331780318,0.1034120368327574,0.15329825286161142,0.314926306907553,0.07379901724138267,0.06340425610683194
sinkhorn 2025-10-22 10:25:31.722454 800_epoch199,sinkhorn 2025-10-22 10:25:31.722454 800,199,Layer_4,0.08607219486885659,0.23143686818087505,0.16343695609843956,0.020109469270192047,0.09610934691442898,0.2444315341134629,0.12665094531169602,0.0063550588021906865
sinkhorn 2025-10-22 10:25:31.722454 800_epoch199,sinkhorn 2025-10-22 10:25:31.722454 800,199,Layer_5,0.13690915241739293,0.30388308947429193,0.22889965923168853,0.042451879871134156,0.14558519673837267,0.31096160365530656,0.20020885324418053,0.04860135004277129
sinkhorn 2025-10-22 10:25:31.722454 800_epoch249,sinkhorn 2025-10-22 10:25:31.722454 800,249,Layer_1,0.10985498027273916,0.2677969158419194,0.19904216387552554,0.014039321913154514,0.1577180124868318,0.3152886767066877,0.07549609248105632,0.035734450125246564
sinkhorn 2025-10-22 10:25:31.722454 800_epoch249,sinkhorn 2025-10-22 10:25:31.722454 800,249,Layer_2,0.026338264990986387,0.12708916771793324,0.06879753940813081,0.008426660613636462,0.06850947756030072,0.20690836730669898,0.05198535897209152,0.001463344147714753
sinkhorn 2025-10-22 10:25:31.722454 800_epoch249,sinkhorn 2025-10-22 10:25:31.722454 800,249,Layer_3,0.10228790773108366,0.25931400332674065,0.19649210645237256,0.10405821788234076,0.15618619517168164,0.31706160240091685,0.06749722470535888,0.058191553457731755
sinkhorn 2025-10-22 10:25:31.722454 800_epoch249,sinkhorn 2025-10-22 10:25:31.722454 800,249,Layer_4,0.08592156243049855,0.23128143222427822,0.1643278680093027,0.019602566002806358,0.095526866138953,0.2437626221272929,0.12919645200005558,0.0051489149343306225
sinkhorn 2025-10-22 10:25:31.722454 800_epoch249,sinkhorn 2025-10-22 10:25:31.722454 800,249,Layer_5,0.13685783767985701,0.3038728701889387,0.2291436582390864,0.043506859065784276,0.14390784447031532,0.3093583701994652,0.20439527163785115,0.05356659346664707
sinkhorn 2025-10-22 10:25:31.722454 800_epoch299,sinkhorn 2025-10-22 10:25:31.722454 800,299,Layer_1,0.1096619891823911,0.2675336888879377,0.19947371791398344,0.015566173823005403,0.16509988249329685,0.3226792500477579,0.0741413794248246,0.02677885242817611
sinkhorn 2025-10-22 10:25:31.722454 800_epoch299,sinkhorn 2025-10-22 10:25:31.722454 800,299,Layer_2,0.02625562863271603,0.1268677862922018,0.06899385402337212,0.008732964922891091,0.07249572030068886,0.21172101521545167,0.05795821218719812,-0.0024598561141428894
sinkhorn 2025-10-22 10:25:31.722454 800_epoch299,sinkhorn 2025-10-22 10:25:31.722454 800,299,Layer_3,0.10230451884105873,0.25936896716498586,0.1974637891451931,0.10100597061329324,0.15736331882936985,0.31811279992781166,0.06861939906473905,0.0631158358713877
sinkhorn 2025-10-22 10:25:31.722454 800_epoch299,sinkhorn 2025-10-22 10:25:31.722454 800,299,Layer_4,0.08574682362911686,0.23101887788501302,0.16514453029584142,0.02051153021669321,0.09588888067661423,0.24417845806740415,0.12761437087285654,0.00700832191394399
sinkhorn 2025-10-22 10:25:31.722454 800_epoch299,sinkhorn 2025-10-22 10:25:31.722454 800,299,Layer_5,0.1366177268534877,0.30358784972913866,0.23039732942912344,0.044017360293671905,0.1438871995961312,0.30944941284470684,0.2039855547749097,0.05436192633422066
sinkhorn 2025-10-22 10:25:31.722454 800_epoch349,sinkhorn 2025-10-22 10:25:31.722454 800,349,Layer_1,0.10960747929452372,0.2675066854783748,0.19988130359526238,0.015968824482571153,0.16245621605186678,0.319798547606068,0.07317446294047208,0.024674282369134434
sinkhorn 2025-10-22 10:25:31.722454 800_epoch349,sinkhorn 2025-10-22 10:25:31.722454 800,349,Layer_2,0.026165237754705126,0.1266263053645706,0.06990606241658524,0.008390812226210196,0.06909502686700135,0.20670483927938285,0.05030228378785362,-0.0004845782799512167
sinkhorn 2025-10-22 10:25:31.722454 800_epoch349,sinkhorn 2025-10-22 10:25:31.722454 800,349,Layer_3,0.10243852802421319,0.2594474306481793,0.1968722630978937,0.10122582490608825,0.15905617446840373,0.32090119130629147,0.06842558849542643,0.06148044071372996
sinkhorn 2025-10-22 10:25:31.722454 800_epoch349,sinkhorn 2025-10-22 10:25:31.722454 800,349,Layer_4,0.08575870639528213,0.23109201511583452,0.16557377028294193,0.01985715232944293,0.09545902634364699,0.2437319373579574,0.12937248759302764,0.007457711861424538
sinkhorn 2025-10-22 10:25:31.722454 800_epoch349,sinkhorn 2025-10-22 10:25:31.722454 800,349,Layer_5,0.1366584037995607,0.3036047655522104,0.2306398114654044,0.042588085467965026,0.14336560170974486,0.30885573483814216,0.20462859218133128,0.053445718542906515
sinkhorn 2025-10-22 10:25:31.722454 800_epoch399,sinkhorn 2025-10-22 10:25:31.722454 800,399,Layer_1,0.10949992639384565,0.26745990745292075,0.20011002936937466,0.015459729408878563,0.16399640348812103,0.32229602116896205,0.0648190823967916,0.024373777038805364
sinkhorn 2025-10-22 10:25:31.722454 800_epoch399,sinkhorn 2025-10-22 10:25:31.722454 800,399,Layer_2,0.025979321988578545,0.12619467262315995,0.07104285829813183,0.009336335512241643,0.070366223860675,0.21012371266750113,0.05494213886138223,-0.00047289026713956845
sinkhorn 2025-10-22 10:25:31.722454 800_epoch399,sinkhorn 2025-10-22 10:25:31.722454 800,399,Layer_3,0.1019937708859615,0.25906869535639804,0.19887617437999994,0.10518135625957205,0.15708894440838125,0.3193553062461181,0.07255212329487207,0.06487706717803092
sinkhorn 2025-10-22 10:25:31.722454 800_epoch399,sinkhorn 2025-10-22 10:25:31.722454 800,399,Layer_4,0.0854661596896451,0.2306789806079618,0.16677607567220337,0.02145622641904807,0.09568671163975045,0.24388844138044652,0.12893324701189215,0.0057064517290335015
sinkhorn 2025-10-22 10:25:31.722454 800_epoch399,sinkhorn 2025-10-22 10:25:31.722454 800,399,Layer_5,0.13642908306737633,0.3034042979865792,0.23127933051949617,0.04446453956941343,0.14302009205400873,0.30866670184976613,0.2046327721639094,0.05395234253179742
sinkhorn 2025-10-22 10:25:31.722454 800_epoch449,sinkhorn 2025-10-22 10:25:31.722454 800,449,Layer_1,0.1094181680263182,0.26730196462014744,0.20098378914186693,0.015290819325042022,0.16343378709323836,0.320795453541019,0.0727244006547869,0.028490589895265168
sinkhorn 2025-10-22 10:25:31.722454 800_epoch449,sinkhorn 2025-10-22 10:25:31.722454 800,449,Layer_2,0.025987982595491295,0.12613941406375453,0.0713557306262901,0.008469038440765473,0.07064355096277196,0.20947071412904528,0.05506370090551159,-0.0030680315151054506
sinkhorn 2025-10-22 10:25:31.722454 800_epoch449,sinkhorn 2025-10-22 10:25:31.722454 800,449,Layer_3,0.10211403748085933,0.25918509411601076,0.19839519338376252,0.10355421527424383,0.1529969062365354,0.31421850824703024,0.07526282696048266,0.06597580442358829
sinkhorn 2025-10-22 10:25:31.722454 800_epoch449,sinkhorn 2025-10-22 10:25:31.722454 800,449,Layer_4,0.08552180135356155,0.23074514877489255,0.16677091719405795,0.020811126360246433,0.09537654261727896,0.24374538912134947,0.13006104108347682,0.005343498634595887
sinkhorn 2025-10-22 10:25:31.722454 800_epoch449,sinkhorn 2025-10-22 10:25:31.722454 800,449,Layer_5,0.1363280963294465,0.30332795474239693,0.23166197583212794,0.04447464661819798,0.14425138907468996,0.30978234391851855,0.20416762597514454,0.050847828982659965
sinkhorn 2025-10-22 10:25:31.722454 800_epoch499,sinkhorn 2025-10-22 10:25:31.722454 800,499,Layer_1,0.10930339535410853,0.26719475743691834,0.20157272975400894,0.016071750959008396,0.17021546613693897,0.329448557581327,0.04923802393940015,0.030002200925607566
sinkhorn 2025-10-22 10:25:31.722454 800_epoch499,sinkhorn 2025-10-22 10:25:31.722454 800,499,Layer_2,0.02595489463374374,0.12608488085904462,0.07146576307666544,0.008534211282792185,0.07540552463217982,0.21626021778688514,0.06101692146181797,-0.004139072667303256
sinkhorn 2025-10-22 10:25:31.722454 800_epoch499,sinkhorn 2025-10-22 10:25:31.722454 800,499,Layer_3,0.10207298463362303,0.25910615989142277,0.19860042637938125,0.10345430286345622,0.15327415646437664,0.31438520997201913,0.08429877245835996,0.07566939593620903
sinkhorn 2025-10-22 10:25:31.722454 800_epoch499,sinkhorn 2025-10-22 10:25:31.722454 800,499,Layer_4,0.08547617506096344,0.23070435900330702,0.16704050868018974,0.02036645020556546,0.09521065691624608,0.2434029448067475,0.13013547881930743,0.006409879697757312
sinkhorn 2025-10-22 10:25:31.722454 800_epoch499,sinkhorn 2025-10-22 10:25:31.722454 800,499,Layer_5,0.13631311259044862,0.30334001976187475,0.23204578318653635,0.04404436781899693,0.14424489044732777,0.3098877846259989,0.20295494879364312,0.051024441540273184
sinkhorn 2025-10-22 10:25:31.722454 800_epoch549,sinkhorn 2025-10-22 10:25:31.722454 800,549,Layer_1,0.10914639690057168,0.26702663164832785,0.2022429012409754,0.016019145608867805,0.17566612968752782,0.33348831750200475,0.04678710760981214,0.022697304886810148
sinkhorn 2025-10-22 10:25:31.722454 800_epoch549,sinkhorn 2025-10-22 10:25:31.722454 800,549,Layer_2,0.025879094446279866,0.12585547576469774,0.07188222778230245,0.008741029673681695,0.0786403426870892,0.22001238813623075,0.06478694630211651,-0.002867148463291165
sinkhorn 2025-10-22 10:25:31.722454 800_epoch549,sinkhorn 2025-10-22 10:25:31.722454 800,549,Layer_3,0.10199050499431683,0.25903118492835053,0.1996190248312811,0.10361263643539353,0.15674141322498947,0.31802009292981753,0.07589410011437836,0.0712230634123643
sinkhorn 2025-10-22 10:25:31.722454 800_epoch549,sinkhorn 2025-10-22 10:25:31.722454 800,549,Layer_4,0.08533880649071644,0.23050665322930716,0.16800128148215426,0.020678891515605216,0.09481772994068931,0.24275034062546688,0.13186254858748359,0.006373034539855417
sinkhorn 2025-10-22 10:25:31.722454 800_epoch549,sinkhorn 2025-10-22 10:25:31.722454 800,549,Layer_5,0.13606715595957858,0.30308530582453574,0.23273954805290992,0.04541304434770853,0.14379471383703307,0.3095428822951803,0.2051661091162898,0.04949852509468697
sinkhorn 2025-10-22 10:25:31.722454 800_epoch599,sinkhorn 2025-10-22 10:25:31.722454 800,599,Layer_1,0.10902990331574115,0.2669367101038298,0.20282909036792324,0.016784807036868805,0.17540231923383012,0.33418566648883463,0.044743206733830074,0.025000380270855656
sinkhorn 2025-10-22 10:25:31.722454 800_epoch599,sinkhorn 2025-10-22 10:25:31.722454 800,599,Layer_2,0.025743902439975742,0.1255015554515127,0.07276694565221023,0.009061722768166811,0.07960142406298265,0.22168096741747517,0.06628257459202581,-0.0081247810044721
sinkhorn 2025-10-22 10:25:31.722454 800_epoch599,sinkhorn 2025-10-22 10:25:31.722454 800,599,Layer_3,0.10183106197651966,0.25888650823347414,0.20015158110920045,0.10553838098888532,0.1553656685924835,0.3164956591041126,0.0796450738287836,0.07745812603219886
sinkhorn 2025-10-22 10:25:31.722454 800_epoch599,sinkhorn 2025-10-22 10:25:31.722454 800,599,Layer_4,0.08520735522106167,0.23031960429010984,0.1688613104863759,0.020905204825897743,0.0943744788198906,0.24229057508751237,0.13217314421215892,0.0072507201508608754
sinkhorn 2025-10-22 10:25:31.722454 800_epoch599,sinkhorn 2025-10-22 10:25:31.722454 800,599,Layer_5,0.13581699821827534,0.30283496871328003,0.23421197742431477,0.04669506071150356,0.14319600226953405,0.30872945621860465,0.2066714729619517,0.053103639337661414
sinkhorn 2025-10-22 10:25:31.722454 800_epoch649,sinkhorn 2025-10-22 10:25:31.722454 800,649,Layer_1,0.10866492998307396,0.2664774345360176,0.2057020432036436,0.017180654967976168,0.16505190426232694,0.32277806990598873,0.06610721050475213,0.026050502973612215
sinkhorn 2025-10-22 10:25:31.722454 800_epoch649,sinkhorn 2025-10-22 10:25:31.722454 800,649,Layer_2,0.025548482281234883,0.1249677922449659,0.07416159297732876,0.010642491763901408,0.07012632079974512,0.2084762818458786,0.05195850314128644,-0.00015394890413809618
sinkhorn 2025-10-22 10:25:31.722454 800_epoch649,sinkhorn 2025-10-22 10:25:31.722454 800,649,Layer_3,0.10167193188182892,0.2587426349624124,0.2010545975981702,0.10592211453096431,0.15742064936355699,0.31925694241933544,0.0746417877771627,0.07100364469272141
sinkhorn 2025-10-22 10:25:31.722454 800_epoch649,sinkhorn 2025-10-22 10:25:31.722454 800,649,Layer_4,0.084939626722813,0.22998528156558673,0.1706558903246431,0.02131250008747491,0.09341402128588293,0.24117161648965305,0.1368208848743138,0.006892843312586838
sinkhorn 2025-10-22 10:25:31.722454 800_epoch649,sinkhorn 2025-10-22 10:25:31.722454 800,649,Layer_5,0.13549738530369212,0.30253012710967914,0.23605674579618968,0.047247573018938685,0.14266442105842506,0.3082037497389609,0.20980876739098808,0.05265076475076208
sinkhorn 2025-10-22 10:25:31.722454 800_epoch699,sinkhorn 2025-10-22 10:25:31.722454 800,699,Layer_1,0.10826399283340342,0.26609675456994253,0.20791491774710405,0.01815444129058092,0.1687260017102329,0.32595732993129045,0.05741185976146255,0.026479789288907662
sinkhorn 2025-10-22 10:25:31.722454 800_epoch699,sinkhorn 2025-10-22 10:25:31.722454 800,699,Layer_2,0.025364247107420013,0.12449661672015756,0.0758359147365956,0.009848057513284776,0.0722630988927348,0.20967267565224396,0.05420947891393357,-0.0001599844623997865
sinkhorn 2025-10-22 10:25:31.722454 800_epoch699,sinkhorn 2025-10-22 10:25:31.722454 800,699,Layer_3,0.10132111956073948,0.25846714268665083,0.2026828517673034,0.10999118595493114,0.16033878555134584,0.3221800277640824,0.06641737932772743,0.06677531609054252
sinkhorn 2025-10-22 10:25:31.722454 800_epoch699,sinkhorn 2025-10-22 10:25:31.722454 800,699,Layer_4,0.08459332636581222,0.2295598939643474,0.1727307106423255,0.022503037762524488,0.09463818996162257,0.24261299476570808,0.13292890209961053,0.0066589377097876845
sinkhorn 2025-10-22 10:25:31.722454 800_epoch699,sinkhorn 2025-10-22 10:25:31.722454 800,699,Layer_5,0.1351909497827441,0.3022318892029543,0.23755140669173913,0.04876046920991277,0.145334932448485,0.3108011811167698,0.20300844472041865,0.04753122654902895
sinkhorn 2025-10-22 10:25:31.722454 800_epoch749,sinkhorn 2025-10-22 10:25:31.722454 800,749,Layer_1,0.10776202917982622,0.2655751077922177,0.2112953295468725,0.019283122876036594,0.1695636529888737,0.32534799546241805,0.058946022553618214,0.030053308406200772
sinkhorn 2025-10-22 10:25:31.722454 800_epoch749,sinkhorn 2025-10-22 10:25:31.722454 800,749,Layer_2,0.025069636228656295,0.12370745130467345,0.07838014327013304,0.010655370089294021,0.07125640384268703,0.2079592823018515,0.05127554966155254,-0.00359749486531913
sinkhorn 2025-10-22 10:25:31.722454 800_epoch749,sinkhorn 2025-10-22 10:25:31.722454 800,749,Layer_3,0.10095553315535485,0.25813309775294846,0.20573839514416006,0.11137311511279001,0.15884891472317755,0.3199579975017204,0.07275764309432567,0.07303515094808216
sinkhorn 2025-10-22 10:25:31.722454 800_epoch749,sinkhorn 2025-10-22 10:25:31.722454 800,749,Layer_4,0.08419158041582116,0.22900927878173588,0.17574749260770434,0.023093690207893744,0.09367084958568878,0.24153046970251796,0.1357663914342019,0.009151058572234834
sinkhorn 2025-10-22 10:25:31.722454 800_epoch749,sinkhorn 2025-10-22 10:25:31.722454 800,749,Layer_5,0.1346449683729953,0.30167442698429947,0.24067547372865317,0.051576566006819785,0.14360490332332254,0.309317224672253,0.20677421231691562,0.05235960794753341
sinkhorn 2025-11-03 16:02:07.335521 750_epoch49,sinkhorn 2025-11-03 16:02:07.335521 750,49,Layer_1,0.10516880987357498,0.26248301206370517,0.23450743105787938,0.01750600996024191,0.140071127805146,0.29736899586701304,0.1182328100011946,-0.004524637638717046
sinkhorn 2025-11-03 16:02:07.335521 750_epoch49,sinkhorn 2025-11-03 16:02:07.335521 750,49,Layer_2,0.023573415651337623,0.11960456784572075,0.0989203084853267,0.01216925939409908,0.04970952867457532,0.17545959188632107,0.012346299883484981,0.0034716417994772046
sinkhorn 2025-11-03 16:02:07.335521 750_epoch49,sinkhorn 2025-11-03 16:02:07.335521 750,49,Layer_3,0.0983050716455186,0.2566767867826896,0.22807358640178593,0.1464884107322477,0.15156958300578074,0.31211254570229896,0.11113446939669532,0.10239391178781304
sinkhorn 2025-11-03 16:02:07.335521 750_epoch49,sinkhorn 2025-11-03 16:02:07.335521 750,49,Layer_4,0.08159498045567201,0.225330008942701,0.1998756868564994,0.03739627751794687,0.08903856340927507,0.23543363210500834,0.15268268096477425,0.015402570410550934
sinkhorn 2025-11-03 16:02:07.335521 750_epoch49,sinkhorn 2025-11-03 16:02:07.335521 750,49,Layer_5,0.13202540619024186,0.2989146377212829,0.2649203589042753,0.06523221264284026,0.14387242695320998,0.31031224657499457,0.2076131047731734,0.03314981543407828
sinkhorn 2025-11-03 16:02:07.335521 750_epoch99,sinkhorn 2025-11-03 16:02:07.335521 750,99,Layer_1,0.15773681649796714,0.3182805549380532,0.08313404060153083,0.02886144885218492,0.18137156792709197,0.34059705379586197,0.03735185297305957,0.00033295510431887153
sinkhorn 2025-11-03 16:02:07.335521 750_epoch99,sinkhorn 2025-11-03 16:02:07.335521 750,99,Layer_2,0.0629747626583496,0.19971945267450936,0.04205621780860156,0.007331695479722932,0.05688477342227644,0.18936579071362156,0.03146215866202886,0.007632755469420876
sinkhorn 2025-11-03 16:02:07.335521 750_epoch99,sinkhorn 2025-11-03 16:02:07.335521 750,99,Layer_3,0.17073959549180545,0.32829601996612773,0.06398280264689579,0.01623083859532246,0.15532064728463774,0.31742860246633986,0.06100856126978997,0.04270555384986798
sinkhorn 2025-11-03 16:02:07.335521 750_epoch99,sinkhorn 2025-11-03 16:02:07.335521 750,99,Layer_4,0.14770538180264148,0.30544762877454895,0.020014094556708155,0.002867599552383862,0.13008290762271407,0.28494350090088,0.045751205700222376,0.009321392339441147
sinkhorn 2025-11-03 16:02:07.335521 750_epoch99,sinkhorn 2025-11-03 16:02:07.335521 750,99,Layer_5,0.1962379363537119,0.3594050591635036,0.09894653497924046,0.01961031787768073,0.21333486274765176,0.37152070776311913,0.07588069802243849,0.0039380778851571836
sinkhorn 2025-11-03 16:02:07.335521 750_epoch149,sinkhorn 2025-11-03 16:02:07.335521 750,149,Layer_1,0.10737783104856807,0.2650202595389197,0.21555553451217097,0.00878723030380649,0.15221766824684474,0.30992407935621785,0.10477651214022118,-0.013519426123827645
sinkhorn 2025-11-03 16:02:07.335521 750_epoch149,sinkhorn 2025-11-03 16:02:07.335521 750,149,Layer_2,0.023814229281296177,0.12014236136187154,0.09279682721872365,0.013173900106682068,0.059843733867244814,0.19013879109605472,0.028224883125039676,0.000862626994004642
sinkhorn 2025-11-03 16:02:07.335521 750_epoch149,sinkhorn 2025-11-03 16:02:07.335521 750,149,Layer_3,0.10150190795148847,0.2596686000883329,0.2098226685748528,0.09461672361815072,0.14272008740382222,0.30283863818721624,0.11885095372018688,0.08760639825663043
sinkhorn 2025-11-03 16:02:07.335521 750_epoch149,sinkhorn 2025-11-03 16:02:07.335521 750,149,Layer_4,0.08335460976010897,0.227919028085707,0.18388260633024534,0.023483792493895726,0.08774213166796631,0.23390145944274054,0.15573358334204357,0.023838486319229652
sinkhorn 2025-11-03 16:02:07.335521 750_epoch149,sinkhorn 2025-11-03 16:02:07.335521 750,149,Layer_5,0.13378721972045263,0.3007089781415303,0.24682286158248629,0.06163183687732983,0.14072452371457747,0.30687092473330374,0.2125871876665682,0.04503280007040565
sinkhorn 2025-11-03 16:02:07.335521 750_epoch199,sinkhorn 2025-11-03 16:02:07.335521 750,199,Layer_1,0.10504304402087067,0.2624858827047268,0.23604151389051625,0.02044833331477546,0.1461835415570416,0.304004103028985,0.10290267597756088,0.006048132814049907
sinkhorn 2025-11-03 16:02:07.335521 750_epoch199,sinkhorn 2025-11-03 16:02:07.335521 750,199,Layer_2,0.02314666870154402,0.11841650643028946,0.10384333311442576,0.02145143774905423,0.05553831724470061,0.18485051622482826,0.027139260112680225,0.0024476716636777514
sinkhorn 2025-11-03 16:02:07.335521 750_epoch199,sinkhorn 2025-11-03 16:02:07.335521 750,199,Layer_3,0.0984635228455683,0.25644700368404194,0.23017291753618216,0.1408233108977841,0.15234434887375628,0.3111267248820623,0.120169568616598,0.10702996828626068
sinkhorn 2025-11-03 16:02:07.335521 750_epoch199,sinkhorn 2025-11-03 16:02:07.335521 750,199,Layer_4,0.081276275070112,0.22505393040787924,0.2042321833098315,0.04303816494865394,0.08754007107039419,0.23371441408023616,0.15580680709467845,0.0263386535005008
sinkhorn 2025-11-03 16:02:07.335521 750_epoch199,sinkhorn 2025-11-03 16:02:07.335521 750,199,Layer_5,0.13141300051923757,0.2982484129175656,0.26970478576291446,0.07524144388025603,0.13816332475936915,0.3046210014773658,0.22576027386905778,0.04635956914469042
sinkhorn 2025-11-03 16:02:07.335521 750_epoch249,sinkhorn 2025-11-03 16:02:07.335521 750,249,Layer_1,0.12940041444026124,0.28789482286558804,0.13325009585951822,-0.0019734323696578445,0.1565379375810265,0.31524573602544054,0.07330629462694448,-0.0029724477069182917
sinkhorn 2025-11-03 16:02:07.335521 750_epoch249,sinkhorn 2025-11-03 16:02:07.335521 750,249,Layer_2,0.029390787181226497,0.13425916975435728,0.05556714267124527,0.005777560697072401,0.04149961610090396,0.16019584964203804,0.015515719102678245,0.0044589388318066565
sinkhorn 2025-11-03 16:02:07.335521 750_epoch249,sinkhorn 2025-11-03 16:02:07.335521 750,249,Layer_3,0.12407652528978015,0.2839092645444431,0.12263897604552106,0.04943935431620683,0.15488617012803113,0.3154097324216895,0.05949271459037327,0.04760851973656615
sinkhorn 2025-11-03 16:02:07.335521 750_epoch249,sinkhorn 2025-11-03 16:02:07.335521 750,249,Layer_4,0.10001409481991493,0.24924779115622678,0.11186954857860025,0.013000501942738987,0.11287915194568934,0.26483576017896615,0.0778163317633013,0.009521958888076486
sinkhorn 2025-11-03 16:02:07.335521 750_epoch249,sinkhorn 2025-11-03 16:02:07.335521 750,249,Layer_5,0.16239049589617544,0.32666113668392976,0.15429189753184147,0.0243198137407159,0.18556958627606446,0.3476613859310367,0.11573047946078864,0.03568938067102957
sinkhorn 2025-11-03 16:02:07.335521 750_epoch299,sinkhorn 2025-11-03 16:02:07.335521 750,299,Layer_1,0.17290649376717765,0.32956370860704776,0.06874927207086187,-0.029768142814422378,0.15004922569020582,0.3070439547037503,0.11693752657517176,-0.028941350069958013
sinkhorn 2025-11-03 16:02:07.335521 750_epoch299,sinkhorn 2025-11-03 16:02:07.335521 750,299,Layer_2,0.03874598073118647,0.15337125318960562,0.0266896518834197,0.0009400507766856495,0.04775003501337467,0.17115652959894667,0.006304698451956299,0.008237910410914212
sinkhorn 2025-11-03 16:02:07.335521 750_epoch299,sinkhorn 2025-11-03 16:02:07.335521 750,299,Layer_3,0.17056866436166615,0.32945405922396864,0.06138128560819986,0.017547740943282666,0.13125267318275782,0.29041431979812854,0.11109353184338096,0.0868806296181651
sinkhorn 2025-11-03 16:02:07.335521 750_epoch299,sinkhorn 2025-11-03 16:02:07.335521 750,299,Layer_4,0.13971526690332975,0.29192462754487897,0.04815047051941296,0.005694738839661345,0.09003919091843057,0.23678396719961423,0.14761027646893643,0.020566307229085132
sinkhorn 2025-11-03 16:02:07.335521 750_epoch299,sinkhorn 2025-11-03 16:02:07.335521 750,299,Layer_5,0.2242581025041555,0.3775176721885024,0.07165785596016312,-0.0014242944964288405,0.14445345759117573,0.3105135059146057,0.2069280713457271,0.01859715814493993
sinkhorn 2025-11-03 16:02:07.335521 750_epoch349,sinkhorn 2025-11-03 16:02:07.335521 750,349,Layer_1,0.1784505728678953,0.3344080995121585,0.05937583341529418,-0.026650639578295082,0.14005333638267609,0.29605936923008125,0.12401278913292392,-0.0006679598582547455
sinkhorn 2025-11-03 16:02:07.335521 750_epoch349,sinkhorn 2025-11-03 16:02:07.335521 750,349,Layer_2,0.03654571261591207,0.1482814762075042,0.0342546382574429,0.0014484492306393042,0.047253122462252585,0.17026316678984973,0.012986721788989462,0.007902706722434018
sinkhorn 2025-11-03 16:02:07.335521 750_epoch349,sinkhorn 2025-11-03 16:02:07.335521 750,349,Layer_3,0.1788604123399875,0.33626139045259323,0.05374872623026339,0.018062658400292832,0.1402653092721021,0.3019922061468934,0.1253154120626768,0.09449232769436254
sinkhorn 2025-11-03 16:02:07.335521 750_epoch349,sinkhorn 2025-11-03 16:02:07.335521 750,349,Layer_4,0.14403622811662678,0.29552192239751124,0.043648929934112714,0.0067106009434308115,0.08852445643382523,0.23532358620999339,0.15409486241105178,0.025868273595387965
sinkhorn 2025-11-03 16:02:07.335521 750_epoch349,sinkhorn 2025-11-03 16:02:07.335521 750,349,Layer_5,0.23411756473692824,0.38514625749335807,0.05902515673892623,-0.0030616508441500185,0.14525646109673745,0.31176071380868214,0.20782681793107988,0.02822092763015881
sinkhorn 2025-11-03 16:02:07.335521 750_epoch399,sinkhorn 2025-11-03 16:02:07.335521 750,399,Layer_1,0.1891494242599599,0.3447706832266194,0.03916528603488472,-0.02933136401178538,0.15161441429048436,0.30726767911792097,0.12468516684507727,-0.028337887712447926
sinkhorn 2025-11-03 16:02:07.335521 750_epoch399,sinkhorn 2025-11-03 16:02:07.335521 750,399,Layer_2,0.04049072424531015,0.15671739607374877,0.01990018701328831,-0.00026389835708104213,0.05099036748894387,0.175814741401934,0.010590477281492759,0.0007152042401830847
sinkhorn 2025-11-03 16:02:07.335521 750_epoch399,sinkhorn 2025-11-03 16:02:07.335521 750,399,Layer_3,0.1847309321086989,0.3418010604239868,0.045007072080005546,0.01894188411806177,0.13681405687393877,0.2982048160822696,0.11673409075935703,0.08562549588381667
sinkhorn 2025-11-03 16:02:07.335521 750_epoch399,sinkhorn 2025-11-03 16:02:07.335521 750,399,Layer_4,0.150795355970142,0.30323796011646154,0.028013487070660363,0.005774650477564638,0.08722975206955906,0.23316481676013281,0.15889023047480408,0.022113724382834397
sinkhorn 2025-11-03 16:02:07.335521 750_epoch399,sinkhorn 2025-11-03 16:02:07.335521 750,399,Layer_5,0.24157062937600365,0.3912999699845652,0.0450163397200978,-0.0033642136325014336,0.14124456459106063,0.30800109091626965,0.21604627082254846,0.023929006285460727
sinkhorn 2025-11-03 16:02:07.335521 750_epoch449,sinkhorn 2025-11-03 16:02:07.335521 750,449,Layer_1,0.19170944580320967,0.34762765493354614,0.032339245096115715,-0.02735191396735175,0.16542652544264608,0.3217398349526273,0.07618477862453739,-0.0025570140977080173
sinkhorn 2025-11-03 16:02:07.335521 750_epoch449,sinkhorn 2025-11-03 16:02:07.335521 750,449,Layer_2,0.042521594814651634,0.16111597967804744,0.012528335204805558,-0.000275007680689412,0.03896965346077434,0.15545063850025057,0.018897162300495617,0.0018627929246835164
sinkhorn 2025-11-03 16:02:07.335521 750_epoch449,sinkhorn 2025-11-03 16:02:07.335521 750,449,Layer_3,0.19275223225994118,0.3500681620538005,0.0372730552870628,0.013511129086282443,0.15814641973863472,0.3176683889721893,0.0692956530249197,0.0206330038987441
sinkhorn 2025-11-03 16:02:07.335521 750_epoch449,sinkhorn 2025-11-03 16:02:07.335521 750,449,Layer_4,0.1579133940374394,0.3114938401438705,0.018259385222950838,0.005414994291823097,0.12399465249967782,0.2771321782883563,0.059179077111674576,0.01658523441409613
sinkhorn 2025-11-03 16:02:07.335521 750_epoch449,sinkhorn 2025-11-03 16:02:07.335521 750,449,Layer_5,0.24859977432222125,0.3976424947921518,0.03302897796886767,-0.0025086517625621764,0.18494496486985784,0.3467212888511003,0.10554318529683658,0.006799348539963955
sinkhorn 2025-11-20 09:29:48.453823 750_epoch49,sinkhorn 2025-11-20 09:29:48.453823 750,49,Layer_1,0.13517248288011272,0.2954718145755651,0.11960717885653827,0.027190072797987505,0.15358948099750142,0.3119063909703901,0.08881207543165186,0.017123604538482832
sinkhorn 2025-11-20 09:29:48.453823 750_epoch49,sinkhorn 2025-11-20 09:29:48.453823 750,49,Layer_2,0.05914910408989181,0.1816872638963197,0.030063819940324987,-0.007663512945321637,0.060449661647964066,0.18801310955746428,0.025113720906856006,-0.006057773256761303
sinkhorn 2025-11-20 09:29:48.453823 750_epoch49,sinkhorn 2025-11-20 09:29:48.453823 750,49,Layer_3,0.12603422212758916,0.28717029286516615,0.11857045003817693,0.04126343492432267,0.13687675315856107,0.2967281713999914,0.11029530215539968,0.05239933978335192
sinkhorn 2025-11-20 09:29:48.453823 750_epoch49,sinkhorn 2025-11-20 09:29:48.453823 750,49,Layer_4,0.11062750420493113,0.26069598324891885,0.08926355236746407,0.015095907565671822,0.095808431242729,0.243473090178253,0.13316046409783872,0.02113961490018244
sinkhorn 2025-11-20 09:29:48.453823 750_epoch49,sinkhorn 2025-11-20 09:29:48.453823 750,49,Layer_5,0.16533629509591016,0.32852379143035537,0.15634938081381433,0.029983731252191788,0.14952640289608193,0.3143126542305795,0.19271672526972092,0.04493230134063601
sinkhorn 2025-11-20 09:29:48.453823 750_epoch99,sinkhorn 2025-11-20 09:29:48.453823 750,99,Layer_1,0.104648096568265,0.26193023105299,0.23682266276387173,0.034530509181568476,0.15307898244198906,0.3108873318693645,0.09173057483629006,0.008784780610390185
sinkhorn 2025-11-20 09:29:48.453823 750_epoch99,sinkhorn 2025-11-20 09:29:48.453823 750,99,Layer_2,0.023080649419964065,0.11824797649316215,0.10413557028247336,0.03060985679228936,0.05639780269741892,0.18628314070629126,0.03406688579388075,0.0005646903954828712
sinkhorn 2025-11-20 09:29:48.453823 750_epoch99,sinkhorn 2025-11-20 09:29:48.453823 750,99,Layer_3,0.098306154654702,0.25622553378255386,0.2276937850911215,0.1462424925308505,0.15208794278252932,0.31316226152106974,0.10491079774078334,0.10461609935527523
sinkhorn 2025-11-20 09:29:48.453823 750_epoch99,sinkhorn 2025-11-20 09:29:48.453823 750,99,Layer_4,0.08131905263059408,0.22509541369739325,0.2018738756256728,0.045554562817246944,0.08831642665293907,0.23479933461321084,0.1535138968193586,0.0215824187305116
sinkhorn 2025-11-20 09:29:48.453823 750_epoch99,sinkhorn 2025-11-20 09:29:48.453823 750,99,Layer_5,0.13140770096140342,0.2982500722756883,0.26874581713247436,0.07730789289176764,0.1395861922304516,0.30648591526025454,0.22035346838541126,0.04640094787871326
sinkhorn 2025-11-20 09:29:48.453823 750_epoch149,sinkhorn 2025-11-20 09:29:48.453823 750,149,Layer_1,0.12922174684817925,0.2899222820372861,0.1383017007158265,0.00650522416893299,0.15238737378181288,0.31212885924339584,0.08706361030259563,-0.0038538146030358293
sinkhorn 2025-11-20 09:29:48.453823 750_epoch149,sinkhorn 2025-11-20 09:29:48.453823 750,149,Layer_2,0.04434182092334836,0.16735293572712526,0.012429796808640467,0.010197819619220358,0.050799920033923904,0.17859613314619655,0.023385397000273343,0.0067812589547408125
sinkhorn 2025-11-20 09:29:48.453823 750_epoch149,sinkhorn 2025-11-20 09:29:48.453823 750,149,Layer_3,0.12536813195151492,0.2834893080946324,0.12256267572740845,0.06397603944806797,0.1440058542584392,0.30552751305795955,0.07592419119463316,0.04592947170206351
sinkhorn 2025-11-20 09:29:48.453823 750_epoch149,sinkhorn 2025-11-20 09:29:48.453823 750,149,Layer_4,0.10905476879646488,0.26094499831777596,0.09028275997826371,0.005790020852727336,0.10962168082186728,0.26163175918782605,0.08728304700861532,0.015588581176908457
sinkhorn 2025-11-20 09:29:48.453823 750_epoch149,sinkhorn 2025-11-20 09:29:48.453823 750,149,Layer_5,0.15641335158242078,0.3228835241678497,0.17026464353304022,0.010272134223993777,0.1724108329396032,0.3357194443734752,0.13126360270838583,0.01906554442537275
sinkhorn 2025-11-20 09:29:48.453823 750_epoch199,sinkhorn 2025-11-20 09:29:48.453823 750,199,Layer_1,0.10536357880900292,0.2628751772375118,0.2299539032840043,0.024640015202005427,0.15856567310925063,0.3164393813581765,0.09079718476361727,-0.006634692499383027
sinkhorn 2025-11-20 09:29:48.453823 750_epoch199,sinkhorn 2025-11-20 09:29:48.453823 750,199,Layer_2,0.023172915250271157,0.11847076248117254,0.10262808488292527,0.02427904439733376,0.0584329794896216,0.1897689369102493,0.03276256983621548,0.007508655069103367
sinkhorn 2025-11-20 09:29:48.453823 750_epoch199,sinkhorn 2025-11-20 09:29:48.453823 750,199,Layer_3,0.09875237100378773,0.2567458938971351,0.22632076555470707,0.13671248175460826,0.15818987299761947,0.3179783553908683,0.12679456165505312,0.10799543565354111
sinkhorn 2025-11-20 09:29:48.453823 750_epoch199,sinkhorn 2025-11-20 09:29:48.453823 750,199,Layer_4,0.08149293419782615,0.22534494876299926,0.20118455548406092,0.04079507326914793,0.08704458542289188,0.23315551253195568,0.15936596084933222,0.02067582592031779
sinkhorn 2025-11-20 09:29:48.453823 750_epoch199,sinkhorn 2025-11-20 09:29:48.453823 750,199,Layer_5,0.13182731196399664,0.2986296734966651,0.26561910464586524,0.06800665512347641,0.1402761602770148,0.30691229078809484,0.2224099672986976,0.036523262680992666
sinkhorn 2025-11-20 09:29:48.453823 750_epoch249,sinkhorn 2025-11-20 09:29:48.453823 750,249,Layer_1,0.10467106000275651,0.261959650759089,0.239224796920055,0.02843161288242582,0.14495280471026561,0.3046398518115954,0.10805194818400558,-0.011991334006273025
sinkhorn 2025-11-20 09:29:48.453823 750_epoch249,sinkhorn 2025-11-20 09:29:48.453823 750,249,Layer_2,0.023008912418687685,0.11802842126298849,0.10693346674456891,0.02968933213354565,0.053494755914415874,0.18211744601846322,0.029231385529405827,-0.0005485261915726095
sinkhorn 2025-11-20 09:29:48.453823 750_epoch249,sinkhorn 2025-11-20 09:29:48.453823 750,249,Layer_3,0.0981341194598636,0.256122269648278,0.23177544184681556,0.14923910406448093,0.1535844764021346,0.3138885192721252,0.13145305833535864,0.11701419726257305
sinkhorn 2025-11-20 09:29:48.453823 750_epoch249,sinkhorn 2025-11-20 09:29:48.453823 750,249,Layer_4,0.08107927930296115,0.2247888644067784,0.20698607439178715,0.048808114542623994,0.08837265830190216,0.2349238295368902,0.15164678397730347,0.024956444153749285
sinkhorn 2025-11-20 09:29:48.453823 750_epoch249,sinkhorn 2025-11-20 09:29:48.453823 750,249,Layer_5,0.13119343555942245,0.29802302451723595,0.2738653226678485,0.07853146287259737,0.13859045123939293,0.30496494292345505,0.2254950716680696,0.041861882332275335
sinkhorn 2025-11-20 09:29:48.453823 750_epoch299,sinkhorn 2025-11-20 09:29:48.453823 750,299,Layer_1,0.10462879973533062,0.2619134356771668,0.24084101785706963,0.02679082062774054,0.14371985826193884,0.30373389958875513,0.09741340751764259,0.005066875455619379
sinkhorn 2025-11-20 09:29:48.453823 750_epoch299,sinkhorn 2025-11-20 09:29:48.453823 750,299,Layer_2,0.02299681728787962,0.11800185045287057,0.1077733546600963,0.027211669414507724,0.052621983817475786,0.1806842620969997,0.033185796168990436,0.001133056700499596
sinkhorn 2025-11-20 09:29:48.453823 750_epoch299,sinkhorn 2025-11-20 09:29:48.453823 750,299,Layer_3,0.09803727284409817,0.25604522237282773,0.23298734501994864,0.1514659836387836,0.15401898065763395,0.31561754851179885,0.1416130151621659,0.11599188684956363
sinkhorn 2025-11-20 09:29:48.453823 750_epoch299,sinkhorn 2025-11-20 09:29:48.453823 750,299,Layer_4,0.08103796367640313,0.22473251976067998,0.20810041597297207,0.04899374464981027,0.08968384964006117,0.23664248541756555,0.1456018329892323,0.021755246863853377
sinkhorn 2025-11-20 09:29:48.453823 750_epoch299,sinkhorn 2025-11-20 09:29:48.453823 750,299,Layer_5,0.13118527627803286,0.2980450271586767,0.2746325404283286,0.07757625630365717,0.1401279355843137,0.306492384782605,0.22065611001976998,0.0378350347334015
sinkhorn_epoch0,sinkhorn,0,Layer_1,0.11048330134380413,0.2685345588728967,0.19982208652329894,0.007867695519000548,0.19225756782750156,0.34237222308432824,0.04535632046095351,0.0021622302060998254
sinkhorn_epoch0,sinkhorn,0,Layer_2,0.026708253454332608,0.12817021850833368,0.06662220464906789,0.004696005958634355,0.07278679575250889,0.20960990067601676,0.05341442618573696,0.0034687857358148767
sinkhorn_epoch0,sinkhorn,0,Layer_3,0.10265748319557048,0.26039754149031,0.19486587903843325,0.10169128715878958,0.14859124725713654,0.3094496838409611,0.0875321623225752,0.08205353362260236
sinkhorn_epoch0,sinkhorn,0,Layer_4,0.08426712053303491,0.22989421409310615,0.16381023058245633,0.020354279480309215,0.09585111662193474,0.24471123751848492,0.12588480673764296,0.0019641175403352236
sinkhorn_epoch0,sinkhorn,0,Layer_5,0.13580762808289187,0.3027444686211368,0.23188976695975053,0.04860037029763824,0.15073626279655367,0.3169478313358457,0.1787953334838877,0.04441439080423494
sinkhorn_epoch0,sinkhorn,0,Layer_1,0.4643813390237776,0.4800352639421457,0.11661329080865314,0.0049158579963293775,0.43061624299692025,0.4696988888326304,0.10695475485864454,0.009938188032049624
sinkhorn_epoch0,sinkhorn,0,Layer_2,0.3623730352321849,0.42522340310136525,0.245054699979768,0.0021798613488564667,0.362272673787267,0.4340751830720576,0.2575537363699836,0.00199052274915954
sinkhorn_epoch0,sinkhorn,0,Layer_3,0.4674389965755913,0.5244029151416651,0.17222495151898676,0.02628441948520115,0.4412136195942251,0.5148089448684344,0.1711335168244707,0.009966005278066226
sinkhorn_epoch0,sinkhorn,0,Layer_4,0.3892556116029075,0.45407363442466286,0.11218937303509753,-0.000944128859618486,0.38521499037825735,0.45340462702983303,0.12030435604092334,-0.002666975518606424
sinkhorn_epoch0,sinkhorn,0,Layer_5,0.5333036616046342,0.5495572457732377,0.1371269396223525,0.0088466352126795,0.544170128877093,0.5597476996105222,0.14620207571538318,0.00676639191798255
