Experiment,Loss_Type,Epoch,Layer,PD_vs_FN_MSE,PD_vs_FN_MAE,PD_vs_FN_Wasserstein,PD_vs_FN_Cosine_Sim
MAE 2025-12-06 02:07:01.415742 300_epoch49,MAE 2025-12-06 02:07:01.415742 300,49,Layer_1,0.026716599781896874,0.13667705182219045,0.1356537065587728,0.14071343931503302
MAE 2025-12-06 02:07:01.415742 300_epoch49,MAE 2025-12-06 02:07:01.415742 300,49,Layer_2,0.01466208100193071,0.09324879846413398,0.09140987642506303,0.07981571185070603
MAE 2025-12-06 02:07:01.415742 300_epoch49,MAE 2025-12-06 02:07:01.415742 300,49,Layer_3,0.030498017182592107,0.14749294174424854,0.1455541222467984,0.20165288931920983
MAE 2025-12-06 02:07:01.415742 300_epoch49,MAE 2025-12-06 02:07:01.415742 300,49,Layer_4,0.009865013464844584,0.0754888232252944,0.07366863027005292,0.07936266134915572
MAE 2025-12-06 02:07:01.415742 300_epoch49,MAE 2025-12-06 02:07:01.415742 300,49,Layer_5,0.012089078200379468,0.0869491170057783,0.08525489304599827,0.20896433340385304
MAE 2025-12-06 02:07:01.415742 300_epoch99,MAE 2025-12-06 02:07:01.415742 300,99,Layer_1,0.030675460324237458,0.13613916836027076,0.13541485331572614,0.07836223431485177
MAE 2025-12-06 02:07:01.415742 300_epoch99,MAE 2025-12-06 02:07:01.415742 300,99,Layer_2,0.025468099610151843,0.10817427439161308,0.107093564185825,0.052444873712841844
MAE 2025-12-06 02:07:01.415742 300_epoch99,MAE 2025-12-06 02:07:01.415742 300,99,Layer_3,0.036408512242727224,0.1642543067513793,0.16315505645335351,0.3006362862826924
MAE 2025-12-06 02:07:01.415742 300_epoch99,MAE 2025-12-06 02:07:01.415742 300,99,Layer_4,0.010938808755383818,0.07626391296511328,0.0752049334781687,0.08200291317354585
MAE 2025-12-06 02:07:01.415742 300_epoch99,MAE 2025-12-06 02:07:01.415742 300,99,Layer_5,0.01964327391660353,0.10730999072682214,0.10649097013727184,0.25614082290559315
MAPE 2025-12-01 09:05:57.362884 300_epoch49,MAPE 2025-12-01 09:05:57.362884 300,49,Layer_1,0.41002344289404546,0.41139420511476443,0.11130568346763597,0.8518540188518899
MAPE 2025-12-01 09:05:57.362884 300_epoch49,MAPE 2025-12-01 09:05:57.362884 300,49,Layer_2,0.4578526516465446,0.4743485325498546,0.058382153531223724,0.7341577604238188
MAPE 2025-12-01 09:05:57.362884 300_epoch49,MAPE 2025-12-01 09:05:57.362884 300,49,Layer_3,0.3292399663504293,0.38878412537617635,0.13878301303624185,0.7617141855417615
MAPE 2025-12-01 09:05:57.362884 300_epoch49,MAPE 2025-12-01 09:05:57.362884 300,49,Layer_4,0.3118424584035084,0.4068186358881492,0.06138652858653748,0.7311530751185211
MAPE 2025-12-01 09:05:57.362884 300_epoch49,MAPE 2025-12-01 09:05:57.362884 300,49,Layer_5,0.2587017870502777,0.36818659475744986,0.055424796961527995,0.7235703568494559
MAPE 2025-12-01 09:05:57.362884 300_epoch99,MAPE 2025-12-01 09:05:57.362884 300,99,Layer_1,0.0722535258411416,0.2202635899515899,0.20186347370417884,0.24765670411859447
MAPE 2025-12-01 09:05:57.362884 300_epoch99,MAPE 2025-12-01 09:05:57.362884 300,99,Layer_2,0.04247408821107489,0.15325401543517622,0.1272067643293403,0.24047271122695746
MAPE 2025-12-01 09:05:57.362884 300_epoch99,MAPE 2025-12-01 09:05:57.362884 300,99,Layer_3,0.02123318572648542,0.09640399656269791,0.07508283270094224,0.5010558527519493
MAPE 2025-12-01 09:05:57.362884 300_epoch99,MAPE 2025-12-01 09:05:57.362884 300,99,Layer_4,0.010539937084066461,0.08003287582455755,0.057059877079196304,0.3144137529758857
MAPE 2025-12-01 09:05:57.362884 300_epoch99,MAPE 2025-12-01 09:05:57.362884 300,99,Layer_5,0.009818303760417096,0.08088595142359908,0.06460105794525083,0.3736707634098861
MAPE 2025-12-01 09:05:57.362884 300_epoch149,MAPE 2025-12-01 09:05:57.362884 300,149,Layer_1,0.10050037357513378,0.264273733620082,0.2563912474830174,0.0786421945275001
MAPE 2025-12-01 09:05:57.362884 300_epoch149,MAPE 2025-12-01 09:05:57.362884 300,149,Layer_2,0.041449844873685866,0.15090189243968694,0.135754627493877,0.10723047906094609
MAPE 2025-12-01 09:05:57.362884 300_epoch149,MAPE 2025-12-01 09:05:57.362884 300,149,Layer_3,0.022647043774626764,0.09739567486972858,0.08795007529979572,0.3799090310276913
MAPE 2025-12-01 09:05:57.362884 300_epoch149,MAPE 2025-12-01 09:05:57.362884 300,149,Layer_4,0.0281937166907971,0.11970748891182956,0.10682410821532073,0.11879206063824056
MAPE 2025-12-01 09:05:57.362884 300_epoch149,MAPE 2025-12-01 09:05:57.362884 300,149,Layer_5,0.026751850641188457,0.12470839733065212,0.11501112867349106,0.1660310237274595
MAPE 2025-12-01 09:05:57.362884 300_epoch199,MAPE 2025-12-01 09:05:57.362884 300,199,Layer_1,0.06305088527040947,0.19900801819807168,0.19330515203648624,0.06376731899635489
MAPE 2025-12-01 09:05:57.362884 300_epoch199,MAPE 2025-12-01 09:05:57.362884 300,199,Layer_2,0.03948733762574785,0.14888459236666268,0.14239316092451346,0.060938465097160936
MAPE 2025-12-01 09:05:57.362884 300_epoch199,MAPE 2025-12-01 09:05:57.362884 300,199,Layer_3,0.030687419967185832,0.14338152071639007,0.1379957010035726,0.11107619066549843
MAPE 2025-12-01 09:05:57.362884 300_epoch199,MAPE 2025-12-01 09:05:57.362884 300,199,Layer_4,0.014637846239184743,0.09203799232800755,0.0862641820896469,0.13712008037084633
MAPE 2025-12-01 09:05:57.362884 300_epoch199,MAPE 2025-12-01 09:05:57.362884 300,199,Layer_5,0.0190877131222666,0.10715129698960546,0.10182662192106232,0.04408448499039253
MAPE 2025-12-01 09:05:57.362884 300_epoch249,MAPE 2025-12-01 09:05:57.362884 300,249,Layer_1,0.07307869921992813,0.22604528185626344,0.22120750457964072,0.041193347171948995
MAPE 2025-12-01 09:05:57.362884 300_epoch249,MAPE 2025-12-01 09:05:57.362884 300,249,Layer_2,0.038934872009454155,0.14146375810564876,0.1353494060848185,0.05988378462129229
MAPE 2025-12-01 09:05:57.362884 300_epoch249,MAPE 2025-12-01 09:05:57.362884 300,249,Layer_3,0.027456281723773485,0.13125443740831014,0.12676308110742504,0.26637439282189623
MAPE 2025-12-01 09:05:57.362884 300_epoch249,MAPE 2025-12-01 09:05:57.362884 300,249,Layer_4,0.011222840662177682,0.07413721761745382,0.06782776334615202,0.1399784309291329
MAPE 2025-12-01 09:05:57.362884 300_epoch249,MAPE 2025-12-01 09:05:57.362884 300,249,Layer_5,0.02319046677472597,0.12165876427653062,0.1157170297276537,-0.03085532496832469
MAPE 2025-12-01 09:05:57.362884 300_epoch299,MAPE 2025-12-01 09:05:57.362884 300,299,Layer_1,0.06899399354302077,0.21354927412425695,0.21133863633331684,0.05527098763476646
MAPE 2025-12-01 09:05:57.362884 300_epoch299,MAPE 2025-12-01 09:05:57.362884 300,299,Layer_2,0.03588942012570331,0.14026220876091047,0.13747835789619214,0.0035292256497346185
MAPE 2025-12-01 09:05:57.362884 300_epoch299,MAPE 2025-12-01 09:05:57.362884 300,299,Layer_3,0.01683528002007203,0.098658537049375,0.09659511270119882,0.13810399178550883
MAPE 2025-12-01 09:05:57.362884 300_epoch299,MAPE 2025-12-01 09:05:57.362884 300,299,Layer_4,0.008922140804491491,0.0672109042501769,0.06385504482864729,0.03334579619120242
MAPE 2025-12-01 09:05:57.362884 300_epoch299,MAPE 2025-12-01 09:05:57.362884 300,299,Layer_5,0.019993244190498204,0.11122915756645622,0.10862766916054879,0.17623563142881032
sinkhorn 2025-10-06 16:31:26.516927 6 _epoch0,sinkhorn 2025-10-06 16:31:26.516927 6 ,0,Layer_1,0.083865472696772,0.22746064864103577,0.14813999660212063,-0.20136855891238759
sinkhorn 2025-10-06 16:31:26.516927 6 _epoch0,sinkhorn 2025-10-06 16:31:26.516927 6 ,0,Layer_2,0.05403879762642908,0.1757217502335408,0.12085859873705997,-0.044477885632840344
sinkhorn 2025-10-06 16:31:26.516927 6 _epoch0,sinkhorn 2025-10-06 16:31:26.516927 6 ,0,Layer_3,0.06751897664065465,0.20864752575594941,0.13917881819121838,0.27164012639619706
sinkhorn 2025-10-06 16:31:26.516927 6 _epoch0,sinkhorn 2025-10-06 16:31:26.516927 6 ,0,Layer_4,0.0229682331659399,0.12180669786218012,0.04996921868783628,-0.012121408324531353
sinkhorn 2025-10-06 16:31:26.516927 6 _epoch0,sinkhorn 2025-10-06 16:31:26.516927 6 ,0,Layer_5,0.024780867219459136,0.12348577856036187,0.046455337731846326,0.12889113004315123
sinkhorn 2025-10-06 16:31:26.516927 6 _epoch4,sinkhorn 2025-10-06 16:31:26.516927 6 ,4,Layer_1,0.07907589974127834,0.22486747605060742,0.1456351184794315,-0.16114858114206418
sinkhorn 2025-10-06 16:31:26.516927 6 _epoch4,sinkhorn 2025-10-06 16:31:26.516927 6 ,4,Layer_2,0.05623961532581761,0.1836171934278887,0.1231741485365008,-0.12269041050116937
sinkhorn 2025-10-06 16:31:26.516927 6 _epoch4,sinkhorn 2025-10-06 16:31:26.516927 6 ,4,Layer_3,0.06739008823537573,0.21130255054870886,0.14098817365646496,0.24374151462148655
sinkhorn 2025-10-06 16:31:26.516927 6 _epoch4,sinkhorn 2025-10-06 16:31:26.516927 6 ,4,Layer_4,0.02404677298027955,0.12496615431396954,0.04603697881343163,-0.042504801386492506
sinkhorn 2025-10-06 16:31:26.516927 6 _epoch4,sinkhorn 2025-10-06 16:31:26.516927 6 ,4,Layer_5,0.026332046639100888,0.13094230515026908,0.047167002992039235,0.10768911670581054
sinkhorn 2025-10-13 10:08:20.655648 800 _epoch49,sinkhorn 2025-10-13 10:08:20.655648 800 ,49,Layer_1,0.08275236768545052,0.23245445238104462,0.15369444778669683,-0.15505342385586676
sinkhorn 2025-10-13 10:08:20.655648 800 _epoch49,sinkhorn 2025-10-13 10:08:20.655648 800 ,49,Layer_2,0.05965525618792962,0.19163816893031363,0.12779137351248654,-0.14987709958537979
sinkhorn 2025-10-13 10:08:20.655648 800 _epoch49,sinkhorn 2025-10-13 10:08:20.655648 800 ,49,Layer_3,0.06557309229789329,0.20666749574262516,0.14156498596018008,0.2430723966282228
sinkhorn 2025-10-13 10:08:20.655648 800 _epoch49,sinkhorn 2025-10-13 10:08:20.655648 800 ,49,Layer_4,0.022453077068131665,0.12055659147008845,0.03670904983732242,-0.0706071113681412
sinkhorn 2025-10-13 10:08:20.655648 800 _epoch49,sinkhorn 2025-10-13 10:08:20.655648 800 ,49,Layer_5,0.02374514389279776,0.12446290377637206,0.04235736767441902,0.113654049206568
sinkhorn 2025-10-20 18:19:57.166467 800 _epoch49,sinkhorn 2025-10-20 18:19:57.166467 800 ,49,Layer_1,0.07023778409291895,0.21435476477054438,0.15994410798219408,-0.05954185027822644
sinkhorn 2025-10-20 18:19:57.166467 800 _epoch49,sinkhorn 2025-10-20 18:19:57.166467 800 ,49,Layer_2,0.05002290796522848,0.17554956644815672,0.13270667586834098,-0.06730898048335354
sinkhorn 2025-10-20 18:19:57.166467 800 _epoch49,sinkhorn 2025-10-20 18:19:57.166467 800 ,49,Layer_3,0.06718918202130368,0.20494844260912434,0.15490482582392148,0.33885973684867066
sinkhorn 2025-10-20 18:19:57.166467 800 _epoch49,sinkhorn 2025-10-20 18:19:57.166467 800 ,49,Layer_4,0.016523937618696482,0.10193751464244481,0.03959172180667412,0.007750282907373989
sinkhorn 2025-10-20 18:19:57.166467 800 _epoch49,sinkhorn 2025-10-20 18:19:57.166467 800 ,49,Layer_5,0.016425587804840987,0.10205482088305438,0.035181382546639384,0.2160745891547962
sinkhorn 2025-10-22 10:25:31.722454 800_epoch49,sinkhorn 2025-10-22 10:25:31.722454 800,49,Layer_1,0.07082453324493795,0.2237866086332227,0.14576697039810385,-0.14868164324415162
sinkhorn 2025-10-22 10:25:31.722454 800_epoch49,sinkhorn 2025-10-22 10:25:31.722454 800,49,Layer_2,0.0474962266039312,0.17285050917222505,0.10907355734599379,-0.11070232252916608
sinkhorn 2025-10-22 10:25:31.722454 800_epoch49,sinkhorn 2025-10-22 10:25:31.722454 800,49,Layer_3,0.04730257745233228,0.17742671999903203,0.10428397748133204,0.20743091930228122
sinkhorn 2025-10-22 10:25:31.722454 800_epoch49,sinkhorn 2025-10-22 10:25:31.722454 800,49,Layer_4,0.022862684407242238,0.1221541718758202,0.03454144652614717,-0.05640321799203168
sinkhorn 2025-10-22 10:25:31.722454 800_epoch49,sinkhorn 2025-10-22 10:25:31.722454 800,49,Layer_5,0.022916418820165138,0.1229891979479901,0.03412792882746746,0.10128110999261285
sinkhorn 2025-10-22 10:25:31.722454 800_epoch99,sinkhorn 2025-10-22 10:25:31.722454 800,99,Layer_1,0.08506098194359908,0.2364932269888343,0.1539553078788003,-0.1540636211316906
sinkhorn 2025-10-22 10:25:31.722454 800_epoch99,sinkhorn 2025-10-22 10:25:31.722454 800,99,Layer_2,0.06433583677866715,0.19916705696750112,0.13345188681887085,-0.18705439202415766
sinkhorn 2025-10-22 10:25:31.722454 800_epoch99,sinkhorn 2025-10-22 10:25:31.722454 800,99,Layer_3,0.062184611157135555,0.2040632538831038,0.1400026663827964,0.27312340928796786
sinkhorn 2025-10-22 10:25:31.722454 800_epoch99,sinkhorn 2025-10-22 10:25:31.722454 800,99,Layer_4,0.0231142446499688,0.12212568320492914,0.03734474757340513,-0.1046228410313526
sinkhorn 2025-10-22 10:25:31.722454 800_epoch99,sinkhorn 2025-10-22 10:25:31.722454 800,99,Layer_5,0.023295142396875922,0.12570258076602325,0.042234958788164245,0.11905150198989706
sinkhorn 2025-10-22 10:25:31.722454 800_epoch149,sinkhorn 2025-10-22 10:25:31.722454 800,149,Layer_1,0.07965390653106572,0.22874294486819763,0.15514597126256358,-0.12997786168470887
sinkhorn 2025-10-22 10:25:31.722454 800_epoch149,sinkhorn 2025-10-22 10:25:31.722454 800,149,Layer_2,0.060963969085700564,0.19304999460333513,0.128143509527967,-0.19445279575359278
sinkhorn 2025-10-22 10:25:31.722454 800_epoch149,sinkhorn 2025-10-22 10:25:31.722454 800,149,Layer_3,0.061392556109972345,0.20036812566506718,0.13086489748600597,0.20919404642550188
sinkhorn 2025-10-22 10:25:31.722454 800_epoch149,sinkhorn 2025-10-22 10:25:31.722454 800,149,Layer_4,0.02271388599493052,0.12259300941711737,0.035961799613349915,-0.09372716585633709
sinkhorn 2025-10-22 10:25:31.722454 800_epoch149,sinkhorn 2025-10-22 10:25:31.722454 800,149,Layer_5,0.023841770380085062,0.12502609774985435,0.041329733693102444,0.09917570975510327
sinkhorn 2025-10-22 10:25:31.722454 800_epoch199,sinkhorn 2025-10-22 10:25:31.722454 800,199,Layer_1,0.07962017657018328,0.22455358217567614,0.14905350729075684,-0.10874926099221252
sinkhorn 2025-10-22 10:25:31.722454 800_epoch199,sinkhorn 2025-10-22 10:25:31.722454 800,199,Layer_2,0.05821761578607491,0.18909399915530503,0.1243554268952503,-0.16508395281563693
sinkhorn 2025-10-22 10:25:31.722454 800_epoch199,sinkhorn 2025-10-22 10:25:31.722454 800,199,Layer_3,0.059434344498089244,0.2013310187330601,0.13482987515931194,0.25999158771266917
sinkhorn 2025-10-22 10:25:31.722454 800_epoch199,sinkhorn 2025-10-22 10:25:31.722454 800,199,Layer_4,0.02313530222066085,0.12261698854375265,0.036786713607555366,-0.0924134410604736
sinkhorn 2025-10-22 10:25:31.722454 800_epoch199,sinkhorn 2025-10-22 10:25:31.722454 800,199,Layer_5,0.024200871058030458,0.12703990763637033,0.04231133965811052,0.09195641131845246
sinkhorn 2025-10-22 10:25:31.722454 800_epoch249,sinkhorn 2025-10-22 10:25:31.722454 800,249,Layer_1,0.06821751313510195,0.211245892290693,0.14323104377048865,-0.07664873897482609
sinkhorn 2025-10-22 10:25:31.722454 800_epoch249,sinkhorn 2025-10-22 10:25:31.722454 800,249,Layer_2,0.05369140578948445,0.1836083768682223,0.11943718125460065,-0.1736185750588845
sinkhorn 2025-10-22 10:25:31.722454 800_epoch249,sinkhorn 2025-10-22 10:25:31.722454 800,249,Layer_3,0.061304080323499134,0.20499009801197776,0.13798680146699052,0.2613669914235674
sinkhorn 2025-10-22 10:25:31.722454 800_epoch249,sinkhorn 2025-10-22 10:25:31.722454 800,249,Layer_4,0.021683353876166708,0.117867183601869,0.035208738933601415,-0.0639426871832447
sinkhorn 2025-10-22 10:25:31.722454 800_epoch249,sinkhorn 2025-10-22 10:25:31.722454 800,249,Layer_5,0.022274381199604565,0.12182118330583701,0.03910980711474309,0.11952302678283903
sinkhorn 2025-10-22 10:25:31.722454 800_epoch299,sinkhorn 2025-10-22 10:25:31.722454 800,299,Layer_1,0.07619976624315525,0.22134708099665107,0.1514056382776581,-0.12147629566586436
sinkhorn 2025-10-22 10:25:31.722454 800_epoch299,sinkhorn 2025-10-22 10:25:31.722454 800,299,Layer_2,0.0567042153643861,0.18824552302237524,0.12630777348787747,-0.14467444400459648
sinkhorn 2025-10-22 10:25:31.722454 800_epoch299,sinkhorn 2025-10-22 10:25:31.722454 800,299,Layer_3,0.06314234330222789,0.20950279190137858,0.14912839163289565,0.26259215021080357
sinkhorn 2025-10-22 10:25:31.722454 800_epoch299,sinkhorn 2025-10-22 10:25:31.722454 800,299,Layer_4,0.02227079435071637,0.11915578342845162,0.03761993458227607,-0.07650075575520102
sinkhorn 2025-10-22 10:25:31.722454 800_epoch299,sinkhorn 2025-10-22 10:25:31.722454 800,299,Layer_5,0.022138952708866278,0.12048340839808605,0.040262609242754654,0.1189547684495227
sinkhorn 2025-10-22 10:25:31.722454 800_epoch349,sinkhorn 2025-10-22 10:25:31.722454 800,349,Layer_1,0.07393676057690987,0.2172813737773843,0.14467508973809376,-0.14697121218746276
sinkhorn 2025-10-22 10:25:31.722454 800_epoch349,sinkhorn 2025-10-22 10:25:31.722454 800,349,Layer_2,0.05296124813545942,0.18216707671011373,0.11953111542731712,-0.13677850087134566
sinkhorn 2025-10-22 10:25:31.722454 800_epoch349,sinkhorn 2025-10-22 10:25:31.722454 800,349,Layer_3,0.06628977527975952,0.20891215523547363,0.14523169724922186,0.22605423407842404
sinkhorn 2025-10-22 10:25:31.722454 800_epoch349,sinkhorn 2025-10-22 10:25:31.722454 800,349,Layer_4,0.021694088452515355,0.1184576730837271,0.03620565671650403,-0.069154490778996
sinkhorn 2025-10-22 10:25:31.722454 800_epoch349,sinkhorn 2025-10-22 10:25:31.722454 800,349,Layer_5,0.022072972496672283,0.11979396918746044,0.03777944270034444,0.09018289522997767
sinkhorn 2025-10-22 10:25:31.722454 800_epoch399,sinkhorn 2025-10-22 10:25:31.722454 800,399,Layer_1,0.07577347722086734,0.22676273908040576,0.15401819978471656,-0.1581775274014325
sinkhorn 2025-10-22 10:25:31.722454 800_epoch399,sinkhorn 2025-10-22 10:25:31.722454 800,399,Layer_2,0.05423904995064958,0.184743104814595,0.1258751665717098,-0.145793246053591
sinkhorn 2025-10-22 10:25:31.722454 800_epoch399,sinkhorn 2025-10-22 10:25:31.722454 800,399,Layer_3,0.06227349728558951,0.2111083300047577,0.1489127647410845,0.2817110975778752
sinkhorn 2025-10-22 10:25:31.722454 800_epoch399,sinkhorn 2025-10-22 10:25:31.722454 800,399,Layer_4,0.021754392270472513,0.11794261316314394,0.03796612682994283,-0.08160952751209809
sinkhorn 2025-10-22 10:25:31.722454 800_epoch399,sinkhorn 2025-10-22 10:25:31.722454 800,399,Layer_5,0.021288201625968207,0.1181774228813562,0.03647069799094685,0.10551958302785573
sinkhorn 2025-10-22 10:25:31.722454 800_epoch449,sinkhorn 2025-10-22 10:25:31.722454 800,449,Layer_1,0.07504771834903803,0.21622882163094073,0.1504091144932018,-0.1401467435427561
sinkhorn 2025-10-22 10:25:31.722454 800_epoch449,sinkhorn 2025-10-22 10:25:31.722454 800,449,Layer_2,0.054059969598360326,0.18375151413977872,0.12524755543210947,-0.13449971238511277
sinkhorn 2025-10-22 10:25:31.722454 800_epoch449,sinkhorn 2025-10-22 10:25:31.722454 800,449,Layer_3,0.057006174713353945,0.194526395387145,0.1360109564122183,0.3143993384946429
sinkhorn 2025-10-22 10:25:31.722454 800_epoch449,sinkhorn 2025-10-22 10:25:31.722454 800,449,Layer_4,0.020496638058075094,0.11425713173924229,0.03679034897177407,-0.02855592194026065
sinkhorn 2025-10-22 10:25:31.722454 800_epoch449,sinkhorn 2025-10-22 10:25:31.722454 800,449,Layer_5,0.021669310687291377,0.12021274183505681,0.04116853125640997,0.1295638566862498
sinkhorn 2025-10-22 10:25:31.722454 800_epoch499,sinkhorn 2025-10-22 10:25:31.722454 800,499,Layer_1,0.08357752233263169,0.22949220110660373,0.15405627199025787,-0.16602508713151673
sinkhorn 2025-10-22 10:25:31.722454 800_epoch499,sinkhorn 2025-10-22 10:25:31.722454 800,499,Layer_2,0.059339675144221525,0.19203965047282437,0.1323655822599705,-0.15359981515299745
sinkhorn 2025-10-22 10:25:31.722454 800_epoch499,sinkhorn 2025-10-22 10:25:31.722454 800,499,Layer_3,0.06025673394107786,0.19947560106992168,0.1392702765995877,0.2811709854120149
sinkhorn 2025-10-22 10:25:31.722454 800_epoch499,sinkhorn 2025-10-22 10:25:31.722454 800,499,Layer_4,0.020567004475259734,0.1149371247711004,0.03694497980616228,-0.04219882199003423
sinkhorn 2025-10-22 10:25:31.722454 800_epoch499,sinkhorn 2025-10-22 10:25:31.722454 800,499,Layer_5,0.021500045021931022,0.11936981262238647,0.041055104149367715,0.13579267024255012
sinkhorn 2025-10-22 10:25:31.722454 800_epoch549,sinkhorn 2025-10-22 10:25:31.722454 800,549,Layer_1,0.08856367318889143,0.23373430285293226,0.15946008676815715,-0.18427502356628092
sinkhorn 2025-10-22 10:25:31.722454 800_epoch549,sinkhorn 2025-10-22 10:25:31.722454 800,549,Layer_2,0.06246513630926441,0.19570599397337413,0.13660304006588428,-0.14624561421501056
sinkhorn 2025-10-22 10:25:31.722454 800_epoch549,sinkhorn 2025-10-22 10:25:31.722454 800,549,Layer_3,0.06168537239053073,0.2028554777668068,0.14463761275271222,0.3099437741823233
sinkhorn 2025-10-22 10:25:31.722454 800_epoch549,sinkhorn 2025-10-22 10:25:31.722454 800,549,Layer_4,0.020135631798285723,0.11460206044239656,0.03619759296626935,-0.049565874851859336
sinkhorn 2025-10-22 10:25:31.722454 800_epoch549,sinkhorn 2025-10-22 10:25:31.722454 800,549,Layer_5,0.02126842785550112,0.11764187792626947,0.03876911273494082,0.10999300607393024
sinkhorn 2025-10-22 10:25:31.722454 800_epoch599,sinkhorn 2025-10-22 10:25:31.722454 800,599,Layer_1,0.08975240095951793,0.2372088078517116,0.16205478973174162,-0.21306840214771236
sinkhorn 2025-10-22 10:25:31.722454 800_epoch599,sinkhorn 2025-10-22 10:25:31.722454 800,599,Layer_2,0.06259827113613116,0.19522587260124305,0.13885761019746548,-0.1364428927739082
sinkhorn 2025-10-22 10:25:31.722454 800_epoch599,sinkhorn 2025-10-22 10:25:31.722454 800,599,Layer_3,0.059432690248917786,0.19551885835731253,0.1413655091937495,0.3530872678721658
sinkhorn 2025-10-22 10:25:31.722454 800_epoch599,sinkhorn 2025-10-22 10:25:31.722454 800,599,Layer_4,0.019427567595141648,0.11142155558200671,0.03672298624323372,-0.039822169695450244
sinkhorn 2025-10-22 10:25:31.722454 800_epoch599,sinkhorn 2025-10-22 10:25:31.722454 800,599,Layer_5,0.01969866961299516,0.11401082283537439,0.037929210682597136,0.16240728008957556
sinkhorn 2025-10-22 10:25:31.722454 800_epoch649,sinkhorn 2025-10-22 10:25:31.722454 800,649,Layer_1,0.07319329854185411,0.2196865421145604,0.15858818747258144,-0.08240791302490809
sinkhorn 2025-10-22 10:25:31.722454 800_epoch649,sinkhorn 2025-10-22 10:25:31.722454 800,649,Layer_2,0.05228210275258269,0.1801267556954444,0.12561733862936655,-0.09942663553782921
sinkhorn 2025-10-22 10:25:31.722454 800_epoch649,sinkhorn 2025-10-22 10:25:31.722454 800,649,Layer_3,0.06451277823453697,0.20441969071564398,0.14863126723342562,0.2595902486376688
sinkhorn 2025-10-22 10:25:31.722454 800_epoch649,sinkhorn 2025-10-22 10:25:31.722454 800,649,Layer_4,0.017507655749027632,0.10500980367836883,0.03406173208196613,-0.0010819852113897197
sinkhorn 2025-10-22 10:25:31.722454 800_epoch649,sinkhorn 2025-10-22 10:25:31.722454 800,649,Layer_5,0.01864254686876781,0.10925311691796866,0.037889437188493115,0.17134975435515984
sinkhorn 2025-10-22 10:25:31.722454 800_epoch699,sinkhorn 2025-10-22 10:25:31.722454 800,699,Layer_1,0.07645803801329776,0.22094575736460104,0.15990265534663584,-0.07718661590223748
sinkhorn 2025-10-22 10:25:31.722454 800_epoch699,sinkhorn 2025-10-22 10:25:31.722454 800,699,Layer_2,0.05421887359923216,0.18032482810623895,0.12955342270673276,-0.10112659544516728
sinkhorn 2025-10-22 10:25:31.722454 800_epoch699,sinkhorn 2025-10-22 10:25:31.722454 800,699,Layer_3,0.06296561835518295,0.2059386037738764,0.15288660764539672,0.34445500481564517
sinkhorn 2025-10-22 10:25:31.722454 800_epoch699,sinkhorn 2025-10-22 10:25:31.722454 800,699,Layer_4,0.01835670420120311,0.10745865698078434,0.039840776604545644,0.0020490817498449365
sinkhorn 2025-10-22 10:25:31.722454 800_epoch699,sinkhorn 2025-10-22 10:25:31.722454 800,699,Layer_5,0.020483470738752833,0.11318884866941907,0.0456840789713934,0.18240686270995052
sinkhorn 2025-10-22 10:25:31.722454 800_epoch749,sinkhorn 2025-10-22 10:25:31.722454 800,749,Layer_1,0.07794916560722835,0.2161451739114042,0.15957236439958702,-0.0948496178609928
sinkhorn 2025-10-22 10:25:31.722454 800_epoch749,sinkhorn 2025-10-22 10:25:31.722454 800,749,Layer_2,0.0518287770987086,0.17557842145158067,0.12843546358350624,-0.0676940080337416
sinkhorn 2025-10-22 10:25:31.722454 800_epoch749,sinkhorn 2025-10-22 10:25:31.722454 800,749,Layer_3,0.05996128082962429,0.1952846232260892,0.14867832923365817,0.4077638455559717
sinkhorn 2025-10-22 10:25:31.722454 800_epoch749,sinkhorn 2025-10-22 10:25:31.722454 800,749,Layer_4,0.016598172929659524,0.10126588558203792,0.04112266993107563,0.03812078255931799
sinkhorn 2025-10-22 10:25:31.722454 800_epoch749,sinkhorn 2025-10-22 10:25:31.722454 800,749,Layer_5,0.01734464223096766,0.1046575586301849,0.04247559859344812,0.25833277411460664
sinkhorn 2025-11-03 16:02:07.335521 750_epoch49,sinkhorn 2025-11-03 16:02:07.335521 750,49,Layer_1,0.03207146179639763,0.14877247883185757,0.13274361441988214,0.330352189865771
sinkhorn 2025-11-03 16:02:07.335521 750_epoch49,sinkhorn 2025-11-03 16:02:07.335521 750,49,Layer_2,0.025703723511524026,0.12332692201052667,0.10815581301201985,0.22317868861815213
sinkhorn 2025-11-03 16:02:07.335521 750_epoch49,sinkhorn 2025-11-03 16:02:07.335521 750,49,Layer_3,0.05261217800572287,0.18371501514393518,0.1672746525584078,0.6206717740801145
sinkhorn 2025-11-03 16:02:07.335521 750_epoch49,sinkhorn 2025-11-03 16:02:07.335521 750,49,Layer_4,0.006977428264360634,0.06475210111942074,0.04729513645433613,0.46085166466212063
sinkhorn 2025-11-03 16:02:07.335521 750_epoch49,sinkhorn 2025-11-03 16:02:07.335521 750,49,Layer_5,0.009477006974911311,0.07610369443858309,0.058059537165439455,0.648485058585098
sinkhorn 2025-11-03 16:02:07.335521 750_epoch99,sinkhorn 2025-11-03 16:02:07.335521 750,99,Layer_1,0.18188918091514508,0.3414664869361066,0.048171015007713765,-0.35061392579275485
sinkhorn 2025-11-03 16:02:07.335521 750_epoch99,sinkhorn 2025-11-03 16:02:07.335521 750,99,Layer_2,0.09285468244308562,0.24490156109711902,0.020427744707029082,-0.24058215769431193
sinkhorn 2025-11-03 16:02:07.335521 750_epoch99,sinkhorn 2025-11-03 16:02:07.335521 750,99,Layer_3,0.16215525858600094,0.30794535569399073,0.04802085442742347,-0.20230465888745633
sinkhorn 2025-11-03 16:02:07.335521 750_epoch99,sinkhorn 2025-11-03 16:02:07.335521 750,99,Layer_4,0.1457308943805316,0.30760804066526687,0.034357439741393735,-0.24533251905044468
sinkhorn 2025-11-03 16:02:07.335521 750_epoch99,sinkhorn 2025-11-03 16:02:07.335521 750,99,Layer_5,0.16920991408648897,0.32328510099176033,0.027025608786885365,-0.12489967198575765
sinkhorn 2025-11-03 16:02:07.335521 750_epoch149,sinkhorn 2025-11-03 16:02:07.335521 750,149,Layer_1,0.04076511973209888,0.162359840757319,0.13488580915358075,0.3463960298221564
sinkhorn 2025-11-03 16:02:07.335521 750_epoch149,sinkhorn 2025-11-03 16:02:07.335521 750,149,Layer_2,0.03639906993151078,0.14397346896947613,0.12088061088756911,0.12994055779906227
sinkhorn 2025-11-03 16:02:07.335521 750_epoch149,sinkhorn 2025-11-03 16:02:07.335521 750,149,Layer_3,0.03692607535366622,0.15170651082051115,0.12725596223740263,0.6809588709984928
sinkhorn 2025-11-03 16:02:07.335521 750_epoch149,sinkhorn 2025-11-03 16:02:07.335521 750,149,Layer_4,0.006046041071840347,0.06160290492675317,0.028579158011203202,0.49733339840595814
sinkhorn 2025-11-03 16:02:07.335521 750_epoch149,sinkhorn 2025-11-03 16:02:07.335521 750,149,Layer_5,0.0069841845564137224,0.06636748730049434,0.03517111758182161,0.6675828272117641
sinkhorn 2025-11-03 16:02:07.335521 750_epoch199,sinkhorn 2025-11-03 16:02:07.335521 750,199,Layer_1,0.03815002451968818,0.15747257119917082,0.1440983551545513,0.4016944118198288
sinkhorn 2025-11-03 16:02:07.335521 750_epoch199,sinkhorn 2025-11-03 16:02:07.335521 750,199,Layer_2,0.03271146270484971,0.13888995722302608,0.12614260041749228,0.05772561595327221
sinkhorn 2025-11-03 16:02:07.335521 750_epoch199,sinkhorn 2025-11-03 16:02:07.335521 750,199,Layer_3,0.05366468728186933,0.18026536234969884,0.16574928988677745,0.6505130326831332
sinkhorn 2025-11-03 16:02:07.335521 750_epoch199,sinkhorn 2025-11-03 16:02:07.335521 750,199,Layer_4,0.0065587824320084255,0.063748090223329,0.048452687644336384,0.4011335982924291
sinkhorn 2025-11-03 16:02:07.335521 750_epoch199,sinkhorn 2025-11-03 16:02:07.335521 750,199,Layer_5,0.00557947982997589,0.062290208897977865,0.046679303539270654,0.6853215568700919
sinkhorn 2025-11-03 16:02:07.335521 750_epoch249,sinkhorn 2025-11-03 16:02:07.335521 750,249,Layer_1,0.029324625522088164,0.12397619877496986,0.060212660760799015,0.6594636104709016
sinkhorn 2025-11-03 16:02:07.335521 750_epoch249,sinkhorn 2025-11-03 16:02:07.335521 750,249,Layer_2,0.011287411054205691,0.07841941036650972,0.04591022560157278,0.6324511093761169
sinkhorn 2025-11-03 16:02:07.335521 750_epoch249,sinkhorn 2025-11-03 16:02:07.335521 750,249,Layer_3,0.0323196741879853,0.12261703512957255,0.06336639912985781,0.6925147639568949
sinkhorn 2025-11-03 16:02:07.335521 750_epoch249,sinkhorn 2025-11-03 16:02:07.335521 750,249,Layer_4,0.019743959895073784,0.09787412380122902,0.0341654612344216,0.6452001641768115
sinkhorn 2025-11-03 16:02:07.335521 750_epoch249,sinkhorn 2025-11-03 16:02:07.335521 750,249,Layer_5,0.03376724004454995,0.12750610154462078,0.059420524860963934,0.6672221710675478
sinkhorn 2025-11-03 16:02:07.335521 750_epoch299,sinkhorn 2025-11-03 16:02:07.335521 750,299,Layer_1,0.08540896006895644,0.2307445615660092,0.07174860794845968,0.195791934229168
sinkhorn 2025-11-03 16:02:07.335521 750_epoch299,sinkhorn 2025-11-03 16:02:07.335521 750,299,Layer_2,0.04264700047049791,0.16045907276999846,0.030793255399695383,-0.03893772188259568
sinkhorn 2025-11-03 16:02:07.335521 750_epoch299,sinkhorn 2025-11-03 16:02:07.335521 750,299,Layer_3,0.10814728354955486,0.2525232869002143,0.07516542220409893,0.06635868840726661
sinkhorn 2025-11-03 16:02:07.335521 750_epoch299,sinkhorn 2025-11-03 16:02:07.335521 750,299,Layer_4,0.07180746544694716,0.20006165500116657,0.10086013992752733,-0.04522201093632468
sinkhorn 2025-11-03 16:02:07.335521 750_epoch299,sinkhorn 2025-11-03 16:02:07.335521 750,299,Layer_5,0.10403481767525377,0.2462500550187656,0.13586679250460185,0.03257650217044762
sinkhorn 2025-11-03 16:02:07.335521 750_epoch349,sinkhorn 2025-11-03 16:02:07.335521 750,349,Layer_1,0.0954132883516196,0.2422409654546962,0.0794084054648773,0.09877370651289878
sinkhorn 2025-11-03 16:02:07.335521 750_epoch349,sinkhorn 2025-11-03 16:02:07.335521 750,349,Layer_2,0.03768795453812989,0.1513601689787895,0.038085982822810456,0.019023579562976036
sinkhorn 2025-11-03 16:02:07.335521 750_epoch349,sinkhorn 2025-11-03 16:02:07.335521 750,349,Layer_3,0.10087539303819593,0.24545692544227105,0.11288919717353398,0.26213832461507414
sinkhorn 2025-11-03 16:02:07.335521 750_epoch349,sinkhorn 2025-11-03 16:02:07.335521 750,349,Layer_4,0.06496803365325209,0.18793580936280485,0.11252670031759136,0.16415470453361292
sinkhorn 2025-11-03 16:02:07.335521 750_epoch349,sinkhorn 2025-11-03 16:02:07.335521 750,349,Layer_5,0.09325672593473817,0.2318092769795553,0.15135746842835585,0.3020424740176659
sinkhorn 2025-11-03 16:02:07.335521 750_epoch399,sinkhorn 2025-11-03 16:02:07.335521 750,399,Layer_1,0.07480790564057435,0.21373927857065106,0.09653206944054027,0.4096540156101446
sinkhorn 2025-11-03 16:02:07.335521 750_epoch399,sinkhorn 2025-11-03 16:02:07.335521 750,399,Layer_2,0.0399769090044725,0.15393636546919193,0.02882677434114497,0.12808030363435605
sinkhorn 2025-11-03 16:02:07.335521 750_epoch399,sinkhorn 2025-11-03 16:02:07.335521 750,399,Layer_3,0.0907855583105488,0.2304089556260148,0.10795072998264721,0.34956969111046354
sinkhorn 2025-11-03 16:02:07.335521 750_epoch399,sinkhorn 2025-11-03 16:02:07.335521 750,399,Layer_4,0.05994597381040348,0.1846512518039449,0.13366784400007056,0.39577636210327977
sinkhorn 2025-11-03 16:02:07.335521 750_epoch399,sinkhorn 2025-11-03 16:02:07.335521 750,399,Layer_5,0.08788826121017514,0.22774603672974914,0.1739245174151679,0.46135039124113647
sinkhorn 2025-11-03 16:02:07.335521 750_epoch449,sinkhorn 2025-11-03 16:02:07.335521 750,449,Layer_1,0.12921194776917455,0.28299508037734894,0.05328382099762492,0.09775211950136224
sinkhorn 2025-11-03 16:02:07.335521 750_epoch449,sinkhorn 2025-11-03 16:02:07.335521 750,449,Layer_2,0.03204749284021182,0.13982657037292476,0.011825208242896883,0.10310936091240316
sinkhorn 2025-11-03 16:02:07.335521 750_epoch449,sinkhorn 2025-11-03 16:02:07.335521 750,449,Layer_3,0.13849894003498484,0.2868348032976013,0.04847440067896425,0.11585969697555398
sinkhorn 2025-11-03 16:02:07.335521 750_epoch449,sinkhorn 2025-11-03 16:02:07.335521 750,449,Layer_4,0.11301930987055574,0.26101023613720453,0.0483106879050309,0.08133469799013698
sinkhorn 2025-11-03 16:02:07.335521 750_epoch449,sinkhorn 2025-11-03 16:02:07.335521 750,449,Layer_5,0.17171790536574597,0.3270795497794052,0.0761399835261421,-0.007916839995206143
sinkhorn 2025-11-20 09:29:48.453823 750_epoch49,sinkhorn 2025-11-20 09:29:48.453823 750,49,Layer_1,0.036626542946831826,0.1495524536186067,0.06974670864670977,0.5861617281918154
sinkhorn 2025-11-20 09:29:48.453823 750_epoch49,sinkhorn 2025-11-20 09:29:48.453823 750,49,Layer_2,0.034687486525538255,0.14526385973922432,0.029296218101490818,0.5247105501269467
sinkhorn 2025-11-20 09:29:48.453823 750_epoch49,sinkhorn 2025-11-20 09:29:48.453823 750,49,Layer_3,0.021640891648598608,0.11600517063561758,0.04492020494634375,0.718265947128759
sinkhorn 2025-11-20 09:29:48.453823 750_epoch49,sinkhorn 2025-11-20 09:29:48.453823 750,49,Layer_4,0.01575372699424833,0.10163515339130394,0.04473185279439039,0.702471742750261
sinkhorn 2025-11-20 09:29:48.453823 750_epoch49,sinkhorn 2025-11-20 09:29:48.453823 750,49,Layer_5,0.014989355583927473,0.09915065898793296,0.04255492432345347,0.7765579844010962
sinkhorn 2025-11-20 09:29:48.453823 750_epoch99,sinkhorn 2025-11-20 09:29:48.453823 750,99,Layer_1,0.045405954095309106,0.17312850047509393,0.1586840385566255,0.3904086836688784
sinkhorn 2025-11-20 09:29:48.453823 750_epoch99,sinkhorn 2025-11-20 09:29:48.453823 750,99,Layer_2,0.03332622148291548,0.13986388135531663,0.12823519049778803,0.07718416147754782
sinkhorn 2025-11-20 09:29:48.453823 750_epoch99,sinkhorn 2025-11-20 09:29:48.453823 750,99,Layer_3,0.05310971617600015,0.1775984596595143,0.160601059564267,0.6351376914906378
sinkhorn 2025-11-20 09:29:48.453823 750_epoch99,sinkhorn 2025-11-20 09:29:48.453823 750,99,Layer_4,0.006663059274381303,0.06432036009319525,0.048393794798034545,0.46201032385680474
sinkhorn 2025-11-20 09:29:48.453823 750_epoch99,sinkhorn 2025-11-20 09:29:48.453823 750,99,Layer_5,0.0065535538163075,0.06500805693332773,0.04985415640727636,0.6968854879031464
sinkhorn 2025-11-20 09:29:48.453823 750_epoch149,sinkhorn 2025-11-20 09:29:48.453823 750,149,Layer_1,0.08280022981022583,0.23336781066216053,0.06218034604356492,-0.13892207263718806
sinkhorn 2025-11-20 09:29:48.453823 750_epoch149,sinkhorn 2025-11-20 09:29:48.453823 750,149,Layer_2,0.055547638961853704,0.18929427608285576,0.03070763855274528,-0.10951615680566935
sinkhorn 2025-11-20 09:29:48.453823 750_epoch149,sinkhorn 2025-11-20 09:29:48.453823 750,149,Layer_3,0.07776084309132034,0.22501782833975206,0.047355530425704256,0.05967768915115028
sinkhorn 2025-11-20 09:29:48.453823 750_epoch149,sinkhorn 2025-11-20 09:29:48.453823 750,149,Layer_4,0.061312161622390525,0.19927033142354625,0.007906003831115435,-0.04568333497041675
sinkhorn 2025-11-20 09:29:48.453823 750_epoch149,sinkhorn 2025-11-20 09:29:48.453823 750,149,Layer_5,0.05896417995334324,0.19631536895520393,0.03947192617215161,0.1541989690657508
sinkhorn 2025-11-20 09:29:48.453823 750_epoch199,sinkhorn 2025-11-20 09:29:48.453823 750,199,Layer_1,0.0467466506672202,0.17001634302592533,0.15434767441537764,0.4311425944126627
sinkhorn 2025-11-20 09:29:48.453823 750_epoch199,sinkhorn 2025-11-20 09:29:48.453823 750,199,Layer_2,0.03573481153794999,0.14549206518276644,0.13174609043434604,0.08042704113964219
sinkhorn 2025-11-20 09:29:48.453823 750_epoch199,sinkhorn 2025-11-20 09:29:48.453823 750,199,Layer_3,0.05758997392440423,0.18937914390011298,0.1729031815252998,0.6776700878858981
sinkhorn 2025-11-20 09:29:48.453823 750_epoch199,sinkhorn 2025-11-20 09:29:48.453823 750,199,Layer_4,0.005899223288728764,0.061101734147297776,0.04239406194167292,0.3912176540363999
sinkhorn 2025-11-20 09:29:48.453823 750_epoch199,sinkhorn 2025-11-20 09:29:48.453823 750,199,Layer_5,0.006966196150442921,0.06316884748729043,0.04464796813221655,0.6427231850536705
sinkhorn 2025-11-20 09:29:48.453823 750_epoch249,sinkhorn 2025-11-20 09:29:48.453823 750,249,Layer_1,0.03567429452435797,0.1550811502024848,0.14152843618641645,0.3637414061317652
sinkhorn 2025-11-20 09:29:48.453823 750_epoch249,sinkhorn 2025-11-20 09:29:48.453823 750,249,Layer_2,0.030661365630892456,0.13569794181631611,0.12540806636441493,0.02082964406155117
sinkhorn 2025-11-20 09:29:48.453823 750_epoch249,sinkhorn 2025-11-20 09:29:48.453823 750,249,Layer_3,0.05663256816765039,0.18467391408555076,0.16941424195251278,0.661192657657448
sinkhorn 2025-11-20 09:29:48.453823 750_epoch249,sinkhorn 2025-11-20 09:29:48.453823 750,249,Layer_4,0.007148218590729461,0.06775345372635441,0.05550800433677452,0.4336759042204983
sinkhorn 2025-11-20 09:29:48.453823 750_epoch249,sinkhorn 2025-11-20 09:29:48.453823 750,249,Layer_5,0.00582860358630099,0.06439426942344065,0.05073015407973478,0.6850945323039248
sinkhorn 2025-11-20 09:29:48.453823 750_epoch299,sinkhorn 2025-11-20 09:29:48.453823 750,299,Layer_1,0.03670479580064226,0.15911581456033422,0.14511147019211348,0.3661275483364623
sinkhorn 2025-11-20 09:29:48.453823 750_epoch299,sinkhorn 2025-11-20 09:29:48.453823 750,299,Layer_2,0.029802249077354383,0.13414229463657973,0.12518731854419232,0.031608377355374126
sinkhorn 2025-11-20 09:29:48.453823 750_epoch299,sinkhorn 2025-11-20 09:29:48.453823 750,299,Layer_3,0.05677661753083563,0.18911233138357822,0.17557522990276334,0.6776942372838296
sinkhorn 2025-11-20 09:29:48.453823 750_epoch299,sinkhorn 2025-11-20 09:29:48.453823 750,299,Layer_4,0.00850317431825919,0.07442999457932863,0.06250241566989559,0.3874523188468004
sinkhorn 2025-11-20 09:29:48.453823 750_epoch299,sinkhorn 2025-11-20 09:29:48.453823 750,299,Layer_5,0.007329964711286685,0.0704738204719791,0.05659790376048458,0.6408589732662104
sinkhorn_epoch0,sinkhorn,0,Layer_1,0.06663282427228068,0.19166614100657575,0.16722032024897782,0.5897273359409746
sinkhorn_epoch0,sinkhorn,0,Layer_2,0.04394619956791203,0.1564007797344303,0.11948270807708804,0.3610289627168688
sinkhorn_epoch0,sinkhorn,0,Layer_3,0.03779788032139953,0.154084344232507,0.1278936793670492,0.7064572854138524
sinkhorn_epoch0,sinkhorn,0,Layer_4,0.011281566548478708,0.07962382016552794,0.043636436110296474,0.5642711928030383
sinkhorn_epoch0,sinkhorn,0,Layer_5,0.01078129490095624,0.08006740584648743,0.05514350361311743,0.7804222498515099
sinkhorn_epoch0,sinkhorn,0,Layer_1,0.021700212521841258,0.11612574336871839,0.03491620992128792,0.9686396352547622
sinkhorn_epoch0,sinkhorn,0,Layer_2,0.0264645951936045,0.12048666215304593,0.020241593854346422,0.9597230934055345
sinkhorn_epoch0,sinkhorn,0,Layer_3,0.01650239082924355,0.09651576038807459,0.06314419183654332,0.9775200790477729
sinkhorn_epoch0,sinkhorn,0,Layer_4,0.020827506761867013,0.08607238802083929,0.02298981458716471,0.962661778884219
sinkhorn_epoch0,sinkhorn,0,Layer_5,0.09398146095228217,0.1818260250843639,0.03307283095504955,0.873912896164403
